player,team,team_abbrev,position,avg,hits,homeRuns,rbi,stolenBases,obp,slg,ops,atBats,plateAppearances,strikeOuts,baseOnBalls,gamesplayed,PlayerID,scrape_date
DaShawn Keirsey Jr.,Atlanta Braves,ATL,X,1.000,1,0,0,0,1.000,1.000,2.000,1,1,0,0,4,680577,2026-09-27
Victor Mederos,Atlanta Braves,ATL,P,1.000,1,0,2,0,1.000,1.000,2.000,1,1,0,0,30,682989,2026-09-27
Jihwan Bae,Milwaukee Brewers,MIL,2B,.500,1,0,0,1,.667,.500,1.167,2,4,1,0,4,678225,2026-09-27
Jair Camargo,Atlanta Braves,ATL,C,.500,1,0,0,0,.500,1.000,1.500,2,2,1,0,1,665856,2026-09-27
Vimael Machín,Colorado Rockies,COL,3B,.500,3,0,0,0,.500,.500,1.000,6,6,2,0,3,605353,2026-09-27
Bo Davidson,San Francisco Giants,SF,RF,.375,6,0,1,1,.389,.375,.764,16,18,5,1,5,815589,2026-09-27
Justin Dean,Chicago Cubs,CHC,RF,.375,3,0,3,1,.500,.625,1.125,8,10,4,2,17,681909,2026-09-27
Joshua Kuroda-Grauer,Athletics,ATH,3B,.373,25,1,4,0,.400,.522,.922,67,70,10,2,20,811965,2026-09-27
Gustavo Campero,Los Angeles Angels,LAA,LF,.364,4,0,2,0,.333,.455,.788,11,12,4,0,4,672569,2026-09-27
Michael Arroyo,Seattle Mariners,SEA,2B,.353,12,1,4,2,.425,.500,.925,34,40,6,5,14,703197,2026-09-27
José Azócar,Atlanta Braves,ATL,RF,.353,6,0,0,1,.389,.471,.860,17,18,4,1,11,640492,2026-09-27
Michael Stefanic,Athletics,ATH,2B,.346,9,0,4,0,.393,.385,.778,26,28,6,2,18,683021,2026-09-27
Eduardo Valencia,Detroit Tigers,DET,DH,.344,43,7,20,0,.383,.624,1.007,125,134,31,6,41,680664,2026-09-27
Tyler Black,Milwaukee Brewers,MIL,DH,.333,9,0,7,0,.357,.481,.838,27,28,7,1,9,672012,2026-09-27
Omar Martinez,Los Angeles Angels,LAA,C,.333,1,0,0,0,.333,.333,.666,3,3,1,0,5,683079,2026-09-27
Brett Bateman,Toronto Blue Jays,TOR,CF,.325,50,2,11,3,.400,.422,.822,154,177,34,18,40,703520,2026-09-27
Josue De Paula,Los Angeles Dodgers,LAD,DH,.323,10,1,7,1,.500,.581,1.081,31,42,5,11,11,800543,2026-09-27
Yordan Alvarez,Houston Astros,HOU,DH,.316,178,42,105,1,.432,.604,1.036,563,687,119,109,157,670541,2026-09-27
Samad Taylor,San Diego Padres,SD,LF,.315,47,2,18,12,.391,.409,.800,149,172,44,18,46,669392,2026-09-27
Gabriel Moreno,Arizona Diamondbacks,ARI,C,.311,147,16,83,6,.388,.486,.874,473,549,80,61,130,672515,2026-09-27
Luis Arraez,Philadelphia Phillies,PHI,2B,.310,185,6,64,10,.345,.419,.764,596,655,28,34,151,650333,2026-09-27
Trey Mancini,Los Angeles Angels,LAA,1B,.308,4,0,4,0,.286,.462,.748,13,14,3,0,5,641820,2026-09-27
Chandler Simpson,Tampa Bay Rays,TB,LF,.306,175,0,38,46,.333,.356,.689,571,612,48,26,151,802415,2026-09-27
Andrew Vaughn,Milwaukee Brewers,MIL,1B,.306,88,6,43,0,.390,.444,.834,288,331,53,35,104,683734,2026-09-27
Otto Lopez,Miami Marlins,MIA,SS,.305,191,11,71,34,.349,.437,.786,627,687,89,40,157,672640,2026-09-27
Alex Jackson,Minnesota Twins,MIN,C,.304,21,1,5,0,.342,.406,.748,69,73,24,2,33,656577,2026-09-27
Blaze Alexander,Baltimore Orioles,BAL,3B,.303,79,4,31,10,.358,.414,.772,261,289,63,19,93,677942,2026-09-27
Wade Meckler,Los Angeles Angels,LAA,LF,.302,90,3,27,8,.375,.389,.764,298,335,62,32,97,685133,2026-09-27
Nick Gonzales,Pittsburgh Pirates,PIT,3B,.302,165,6,61,7,.366,.388,.754,547,604,99,43,147,693304,2026-09-27
TJ Rumfield,Colorado Rockies,COL,1B,.300,164,16,73,0,.390,.453,.843,547,631,86,72,155,681198,2026-09-27
Josh Jung,Texas Rangers,TEX,3B,.299,119,12,42,1,.365,.462,.827,398,444,80,35,104,673962,2026-09-27
Javier Sanoja,Miami Marlins,MIA,3B,.298,136,11,69,11,.336,.462,.798,457,486,39,27,143,691594,2026-09-27
Michael Harris II,Atlanta Braves,ATL,CF,.294,174,26,87,12,.321,.491,.812,591,621,119,23,155,671739,2026-09-27
Tyler Tolbert,Kansas City Royals,KC,X,.294,37,3,8,22,.357,.405,.762,126,144,29,12,79,686475,2026-09-27
Ty France,San Diego Padres,SD,1B,.294,128,21,71,1,.360,.502,.862,436,495,108,36,132,664034,2026-09-27
Yandy Díaz,Tampa Bay Rays,TB,DH,.293,180,22,85,3,.359,.446,.805,614,686,98,56,154,650490,2026-09-27
Jake McCarthy,Colorado Rockies,COL,LF,.292,159,15,83,32,.336,.478,.814,544,592,95,30,146,664983,2026-09-27
Alan Roden,Minnesota Twins,MIN,RF,.291,23,1,14,0,.376,.392,.768,79,94,12,12,32,702176,2026-09-27
Eloy Jiménez,Toronto Blue Jays,TOR,DH,.290,9,0,3,0,.343,.290,.633,31,35,7,3,12,650391,2026-09-27
Freddie Freeman,Los Angeles Dodgers,LAD,1B,.290,167,16,70,7,.364,.432,.796,576,654,115,66,152,518692,2026-09-27
Fernando Tatis Jr.,San Diego Padres,SD,RF,.289,181,25,83,38,.358,.470,.828,626,704,130,64,159,665487,2026-09-27
Dustin Harris,San Diego Padres,SD,LF,.289,37,0,19,10,.352,.383,.735,128,147,20,11,44,687957,2026-09-27
Jackson Chourio,Milwaukee Brewers,MIL,LF,.288,149,25,73,23,.348,.485,.833,518,569,134,47,126,694192,2026-09-27
Jac Caglianone,Kansas City Royals,KC,RF,.287,146,23,75,7,.339,.492,.831,508,549,143,33,142,695506,2026-09-27
Jhonny Pereda,Seattle Mariners,SEA,C,.287,25,2,8,0,.351,.368,.719,87,97,19,8,30,640902,2026-09-27
Chase DeLauter,Cleveland Guardians,CLE,RF,.287,142,16,67,11,.363,.457,.820,495,559,82,60,133,800050,2026-09-27
Randal Grichuk,Chicago White Sox,CWS,X,.286,75,14,44,0,.314,.557,.871,262,277,61,11,116,545341,2026-09-27
Corey Julks,Detroit Tigers,DET,RF,.286,2,0,0,0,.286,.429,.715,7,7,1,0,4,667452,2026-09-27
Ryan Mountcastle,Baltimore Orioles,BAL,X,.286,4,0,1,0,.333,.357,.690,14,15,2,1,8,663624,2026-09-27
Joey Wiemer,Washington Nationals,WSH,RF,.286,20,3,12,1,.398,.514,.912,70,83,29,12,32,686894,2026-09-27
Drake Baldwin,Atlanta Braves,ATL,C,.284,156,25,79,3,.358,.459,.817,549,615,132,55,138,686948,2026-09-27
Bobby Witt Jr.,Kansas City Royals,KC,SS,.283,157,18,54,45,.361,.444,.805,554,628,108,67,142,677951,2026-09-27
Luke Keaschall,Minnesota Twins,MIN,2B,.283,149,10,52,20,.372,.409,.781,526,615,87,57,151,807712,2026-09-27
Yainer Diaz,Houston Astros,HOU,C,.283,96,14,44,0,.312,.457,.769,339,356,56,12,97,673237,2026-09-27
James McCann,Arizona Diamondbacks,ARI,C,.283,43,7,28,0,.313,.461,.774,152,162,42,6,51,543510,2026-09-27
Elly De La Cruz,Cincinnati Reds,CIN,SS,.283,157,30,79,30,.366,.517,.883,555,632,173,72,142,682829,2026-09-27
Liam Hicks,Tampa Bay Rays,TB,C,.282,134,18,82,3,.366,.429,.795,475,550,55,56,141,689414,2026-09-27
Riley Greene,Detroit Tigers,DET,LF,.282,143,21,75,3,.372,.477,.849,507,588,154,71,139,682985,2026-09-27
Steven Kwan,Cleveland Guardians,CLE,LF,.282,152,3,32,10,.382,.349,.731,539,637,62,85,151,680757,2026-09-27
Ceddanne Rafaela,Boston Red Sox,BOS,CF,.282,152,16,70,17,.318,.442,.760,539,574,116,22,137,678882,2026-09-27
Blake Dunn,Cincinnati Reds,CIN,CF,.282,40,2,7,6,.335,.387,.722,142,155,33,10,38,694362,2026-09-27
Cooper Pratt,Milwaukee Brewers,MIL,SS,.281,63,3,34,19,.351,.371,.722,224,262,46,26,73,806198,2026-09-27
Randy Arozarena,Seattle Mariners,SEA,LF,.281,160,26,77,26,.380,.483,.863,569,666,144,68,153,668227,2026-09-27
Keibert Ruiz,Washington Nationals,WSH,C,.280,93,10,48,2,.316,.443,.759,332,354,37,16,105,660688,2026-09-27
Bryan De La Cruz,Philadelphia Phillies,PHI,RF,.280,21,2,12,0,.349,.413,.762,75,86,18,7,34,650559,2026-09-27
Andrew Pinckney,Washington Nationals,WSH,LF,.280,7,1,3,1,.310,.480,.790,25,29,10,1,17,687605,2026-09-27
Xavier Edwards,Miami Marlins,MIA,2B,.280,145,6,52,21,.360,.371,.731,518,595,83,68,142,669364,2026-09-27
Troy Johnston,Colorado Rockies,COL,RF,.280,110,4,50,4,.351,.397,.748,393,445,81,37,128,687859,2026-09-27
Oneil Cruz,Pittsburgh Pirates,PIT,CF,.280,103,20,67,30,.368,.486,.854,368,419,139,47,97,665833,2026-09-27
Henry Bolte,Athletics,ATH,CF,.280,115,11,38,21,.362,.409,.771,411,469,132,39,118,703607,2026-09-27
Carson Benge,New York Mets,NYM,RF,.280,165,20,64,22,.344,.429,.773,590,649,140,50,155,701807,2026-09-27
Cole Carrigg,Colorado Rockies,COL,CF,.280,92,11,52,11,.342,.471,.813,329,368,87,28,92,694249,2026-09-27
Leo Bernal,St. Louis Cardinals,STL,C,.280,26,4,18,0,.316,.441,.757,93,98,25,5,23,699024,2026-09-27
Alec Burleson,St. Louis Cardinals,STL,1B,.279,169,26,116,4,.343,.473,.816,605,670,121,55,160,676475,2026-09-27
Carlos Correa,Houston Astros,HOU,SS,.279,34,3,16,1,.369,.418,.787,122,141,26,18,32,621043,2026-09-27
Juan Soto,New York Mets,NYM,LF,.278,110,27,68,9,.397,.522,.919,395,477,65,78,110,665742,2026-09-27
Max Clark,Detroit Tigers,DET,CF,.278,49,3,23,5,.357,.426,.783,176,202,41,18,50,703601,2026-09-27
Pete Crow-Armstrong,Chicago Cubs,CHC,CF,.278,174,45,107,41,.372,.570,.942,625,725,187,83,161,691718,2026-09-27
Alejandro Kirk,Toronto Blue Jays,TOR,C,.278,77,10,43,1,.351,.415,.766,277,313,38,33,79,672386,2026-09-27
Nick Allen,Houston Astros,HOU,2B,.278,40,3,14,2,.323,.382,.705,144,161,32,10,93,669397,2026-09-27
Tyler Locklear,Arizona Diamondbacks,ARI,1B,.278,10,1,6,1,.357,.444,.801,36,42,9,4,15,682988,2026-09-27
Nick Madrigal,Tampa Bay Rays,TB,2B,.278,15,0,3,1,.365,.315,.680,54,63,3,7,19,663611,2026-09-27
Brendan Donovan,Seattle Mariners,SEA,3B,.277,38,3,15,1,.371,.409,.780,137,159,23,15,39,680977,2026-09-27
Brandon Lockridge,Milwaukee Brewers,MIL,LF,.277,28,0,12,6,.348,.327,.675,101,113,33,11,39,663604,2026-09-27
Luis García Jr.,New York Yankees,NYY,1B,.277,143,30,92,5,.309,.521,.830,516,543,97,25,147,671277,2026-09-27
Nathan Lukes,Toronto Blue Jays,TOR,RF,.277,113,10,41,1,.327,.387,.714,408,450,64,25,125,664770,2026-09-27
Christian Encarnacion-Strand,Baltimore Orioles,BAL,3B,.277,54,11,39,1,.325,.513,.838,195,213,55,11,58,687952,2026-09-27
Junior Caminero,Tampa Bay Rays,TB,3B,.277,170,42,101,3,.361,.526,.887,614,700,128,79,161,691406,2026-09-27
Kaelen Culpepper,Minnesota Twins,MIN,SS,.277,31,3,11,1,.333,.402,.735,112,123,25,6,32,701785,2026-09-27
Jung Hoo Lee,San Francisco Giants,SF,RF,.276,149,10,57,12,.320,.404,.724,539,579,57,29,143,808982,2026-09-27
Jeremy Peña,Houston Astros,HOU,SS,.276,122,22,55,12,.325,.477,.802,442,477,114,24,111,665161,2026-09-27
Willson Contreras,Boston Red Sox,BOS,1B,.276,123,27,81,3,.387,.518,.905,446,533,134,59,129,575929,2026-09-27
Kevin McGonigle,Detroit Tigers,DET,SS,.276,166,17,71,12,.375,.424,.799,602,704,99,95,155,805808,2026-09-27
Chase Meidroth,Chicago White Sox,CWS,2B,.276,156,16,63,4,.350,.415,.765,566,643,141,61,154,805367,2026-09-27
Nolan Schanuel,Los Angeles Angels,LAA,1B,.276,108,7,49,1,.351,.385,.736,392,446,58,42,107,694384,2026-09-27
Adael Amador,Colorado Rockies,COL,2B,.275,22,4,16,0,.356,.488,.844,80,91,12,9,26,691182,2026-09-27
Shohei Ohtani,Los Angeles Dodgers,LAD,DH,.275,143,30,81,11,.377,.513,.890,520,615,152,81,138,660271,2026-09-27
Mauricio Dubón,Atlanta Braves,ATL,LF,.275,156,11,71,10,.320,.393,.713,568,615,73,35,152,643289,2026-09-27
Sam Antonacci,Chicago White Sox,CWS,LF,.275,131,8,48,19,.367,.392,.759,477,553,82,43,139,803011,2026-09-27
Tyrone Taylor,Chicago Cubs,CHC,LF,.274,59,11,38,3,.322,.502,.824,215,237,40,14,96,621438,2026-09-27
Masataka Yoshida,Boston Red Sox,BOS,DH,.274,72,5,28,2,.347,.399,.746,263,297,33,28,87,807799,2026-09-27
Andy Pages,Los Angeles Dodgers,LAD,CF,.274,139,22,81,13,.343,.463,.806,508,569,112,48,133,681624,2026-09-27
Jonathan Aranda,Tampa Bay Rays,TB,1B,.273,158,22,92,0,.357,.433,.790,578,666,162,69,154,666018,2026-09-27
Jake Mangum,Pittsburgh Pirates,PIT,LF,.273,118,5,32,23,.329,.361,.690,432,475,93,25,132,663968,2026-09-27
Jonatan Clase,Toronto Blue Jays,TOR,LF,.273,6,2,6,0,.360,.545,.905,22,25,8,3,9,682729,2026-09-27
Justin Foscue,Texas Rangers,TEX,2B,.272,61,11,34,0,.333,.487,.820,224,246,62,17,99,679822,2026-09-27
Michael Massey,Kansas City Royals,KC,2B,.272,115,13,50,3,.303,.428,.731,423,452,75,21,131,686681,2026-09-27
Casey Schmitt,San Francisco Giants,SF,LF,.271,105,21,55,9,.301,.483,.784,387,409,81,11,98,669477,2026-09-27
Jordan Walker,St. Louis Cardinals,STL,RF,.271,164,29,101,22,.329,.469,.798,605,663,173,50,157,691023,2026-09-27
Orlando Arcia,Minnesota Twins,MIN,SS,.271,13,1,2,0,.300,.354,.654,48,50,8,2,19,606115,2026-09-27
Rafael Flores Jr.,Pittsburgh Pirates,PIT,C,.271,39,11,25,0,.340,.542,.882,144,159,44,15,46,804668,2026-09-27
Austin Hays,San Diego Padres,SD,DH,.271,26,3,13,0,.290,.396,.686,96,100,26,3,37,669720,2026-09-27
William Contreras,Milwaukee Brewers,MIL,C,.270,153,18,94,1,.341,.417,.758,566,640,94,61,147,661388,2026-09-27
Alika Williams,Athletics,ATH,SS,.270,58,4,16,2,.307,.428,.735,215,231,50,10,88,675961,2026-09-27
Seiya Suzuki,Chicago Cubs,CHC,RF,.270,147,26,86,3,.368,.473,.841,545,634,155,81,143,673548,2026-09-27
Joey Ortiz,Milwaukee Brewers,MIL,SS,.270,100,9,47,9,.328,.402,.730,371,415,82,35,134,687401,2026-09-27
Konnor Griffin,Pittsburgh Pirates,PIT,SS,.269,83,5,31,23,.322,.393,.715,308,335,82,20,79,804606,2026-09-27
Bryce Eldridge,San Francisco Giants,SF,DH,.269,104,17,57,1,.364,.461,.825,386,448,119,59,107,805811,2026-09-27
Bryce Harper,Philadelphia Phillies,PHI,1B,.269,154,28,86,7,.381,.483,.864,572,688,147,107,161,547180,2026-09-27
Miguel Rojas,Los Angeles Dodgers,LAD,2B,.269,60,4,23,1,.312,.395,.707,223,249,26,15,106,500743,2026-09-27
Trevor Larnach,Minnesota Twins,MIN,LF,.269,103,13,48,2,.352,.436,.788,383,433,79,45,122,663616,2026-09-27
Teoscar Hernández,Los Angeles Dodgers,LAD,LF,.269,118,16,64,5,.336,.428,.764,439,488,135,42,124,606192,2026-09-27
Brice Turang,Milwaukee Brewers,MIL,2B,.268,155,21,99,19,.367,.452,.819,578,676,171,90,150,668930,2026-09-27
Nicky Lopez,Texas Rangers,TEX,2B,.268,63,1,24,5,.320,.311,.631,235,268,44,12,99,670032,2026-09-27
Santiago Espinal,Los Angeles Dodgers,LAD,3B,.268,15,1,7,0,.276,.375,.651,56,60,8,1,36,669289,2026-09-27
Luis Campusano,San Diego Padres,SD,C,.268,57,8,30,0,.363,.437,.800,213,245,52,29,70,669134,2026-09-27
Pete Alonso,Baltimore Orioles,BAL,1B,.267,161,43,113,5,.363,.522,.885,602,700,169,81,161,624413,2026-09-27
Ryan O'Hearn,Pittsburgh Pirates,PIT,1B,.267,108,18,76,1,.333,.443,.776,404,448,97,35,109,656811,2026-09-27
Hao-Yu Lee,Detroit Tigers,DET,2B,.267,87,10,46,3,.326,.429,.755,326,360,85,30,113,701678,2026-09-27
Endy Rodríguez,Pittsburgh Pirates,PIT,C,.267,36,7,20,6,.373,.467,.840,135,159,41,23,45,682848,2026-09-27
James Wood,Washington Nationals,WSH,RF,.267,136,30,77,21,.389,.506,.895,510,619,177,101,134,695578,2026-09-27
Jake Bauers,Milwaukee Brewers,MIL,1B,.266,126,26,86,11,.390,.486,.876,473,574,155,94,143,641343,2026-09-27
Maikel Garcia,Kansas City Royals,KC,3B,.266,82,3,38,5,.329,.380,.709,308,340,50,30,81,672580,2026-09-27
Jared Young,New York Mets,NYM,1B,.266,82,9,39,3,.330,.429,.759,308,342,63,25,103,676724,2026-09-27
Tristan Peters,Chicago White Sox,CWS,CF,.266,116,12,56,8,.337,.438,.775,436,490,90,37,155,671976,2026-09-27
Jeff McNeil,Athletics,ATH,2B,.266,126,9,59,8,.315,.371,.686,474,516,59,31,143,643446,2026-09-27
Jacob Wilson,Athletics,ATH,SS,.266,85,7,37,4,.298,.388,.686,320,337,39,12,80,805779,2026-09-27
Sal Stewart,Cincinnati Reds,CIN,1B,.265,164,32,111,15,.332,.460,.792,619,696,155,63,161,701398,2026-09-27
Griffin Conine,Miami Marlins,MIA,RF,.264,74,18,42,4,.354,.486,.840,280,319,93,34,93,665052,2026-09-27
Dominic Canzone,Seattle Mariners,SEA,DH,.264,125,23,77,2,.335,.486,.821,473,528,110,47,145,686527,2026-09-27
Cody Bellinger,New York Yankees,NYY,LF,.264,131,17,73,12,.338,.429,.767,496,562,89,59,132,641355,2026-09-27
Justin Crawford,Philadelphia Phillies,PHI,CF,.264,111,3,41,17,.310,.354,.664,421,461,82,27,148,702222,2026-09-27
Nico Hoerner,Chicago Cubs,CHC,2B,.264,165,8,72,23,.317,.351,.668,626,687,58,43,158,663538,2026-09-27
Ben Rice,New York Yankees,NYY,DH,.264,151,41,97,3,.363,.534,.897,573,667,162,85,154,700250,2026-09-27
Donovan Walton,Athletics,ATH,2B,.263,60,9,32,3,.361,.452,.813,228,266,45,28,91,622268,2026-09-27
Jonny DeLuca,Tampa Bay Rays,TB,RF,.263,91,9,48,17,.298,.410,.708,346,366,78,17,111,676356,2026-09-27
Isaac Paredes,Houston Astros,HOU,3B,.263,147,25,94,0,.360,.449,.809,559,655,88,70,154,670623,2026-09-27
Alejandro Osuna,Texas Rangers,TEX,LF,.262,53,1,25,5,.352,.307,.659,202,231,35,19,83,696030,2026-09-27
Ronny Simon,Pittsburgh Pirates,PIT,RF,.262,16,1,4,4,.308,.361,.669,61,66,11,4,20,682927,2026-09-27
Garrett Mitchell,Milwaukee Brewers,MIL,CF,.262,120,11,65,14,.353,.417,.770,458,527,167,59,144,669003,2026-09-27
Nick Fortes,Tampa Bay Rays,TB,C,.262,77,6,35,0,.308,.381,.689,294,319,43,12,108,663743,2026-09-27
Ezequiel Duran,Texas Rangers,TEX,3B,.262,140,17,83,12,.323,.422,.745,535,593,140,46,152,677649,2026-09-27
Josh Naylor,Seattle Mariners,SEA,1B,.261,155,10,56,30,.318,.349,.667,593,646,79,45,151,647304,2026-09-27
Geraldo Perdomo,Arizona Diamondbacks,ARI,SS,.261,146,9,59,21,.369,.377,.746,559,676,86,95,156,672695,2026-09-27
Bryan Reynolds,Pittsburgh Pirates,PIT,LF,.261,155,17,72,9,.365,.424,.789,594,697,161,88,161,668804,2026-09-27
CJ Abrams,Washington Nationals,WSH,SS,.261,150,33,105,34,.337,.496,.833,575,650,158,57,151,682928,2026-09-27
Bo Bichette,New York Mets,NYM,3B,.261,165,18,78,2,.313,.392,.705,633,691,126,49,159,666182,2026-09-27
Shea Langeliers,Athletics,ATH,C,.261,110,23,58,3,.325,.474,.799,422,464,109,36,105,669127,2026-09-27
Ernie Clement,Toronto Blue Jays,TOR,2B,.261,153,9,48,7,.286,.366,.652,587,618,58,22,157,676391,2026-09-27
Brandon Marsh,Philadelphia Phillies,PHI,LF,.261,136,18,61,11,.306,.410,.716,522,564,142,34,154,669016,2026-09-27
Yohendrick Piñango,Toronto Blue Jays,TOR,LF,.260,44,5,20,0,.306,.396,.702,169,180,44,11,58,682818,2026-09-27
Brandon Lowe,Pittsburgh Pirates,PIT,2B,.260,152,35,96,2,.331,.493,.824,584,656,189,62,150,664040,2026-09-27
Vladimir Guerrero Jr.,Toronto Blue Jays,TOR,1B,.260,141,9,57,7,.332,.356,.688,542,609,81,56,144,665489,2026-09-27
Willi Castro,Colorado Rockies,COL,2B,.260,111,15,56,10,.331,.417,.748,427,477,129,41,120,650489,2026-09-27
Alex Bregman,Chicago Cubs,CHC,3B,.260,157,26,89,3,.350,.449,.799,604,697,102,75,154,608324,2026-09-27
Gleyber Torres,Detroit Tigers,DET,2B,.260,93,8,38,0,.364,.363,.727,358,420,81,57,96,650402,2026-09-27
Brandon Nimmo,Texas Rangers,TEX,RF,.260,153,14,62,7,.324,.406,.730,589,651,149,51,154,607043,2026-09-27
Victor Mesa Jr.,Tampa Bay Rays,TB,RF,.260,60,14,33,9,.328,.502,.830,231,258,51,23,78,683748,2026-09-27
Will Smith,Los Angeles Dodgers,LAD,C,.260,61,10,34,0,.355,.426,.781,235,276,45,34,73,669257,2026-09-27
Miguel Andujar,San Diego Padres,SD,DH,.259,62,5,22,2,.303,.423,.726,239,254,38,11,74,609280,2026-09-27
Zack Gelof,Athletics,ATH,3B,.259,101,22,55,16,.325,.479,.804,390,431,104,31,110,680869,2026-09-27
Braden Shewmake,Milwaukee Brewers,MIL,3B,.259,22,3,10,1,.270,.424,.694,85,91,16,2,34,669699,2026-09-27
Hyeseong Kim,Los Angeles Dodgers,LAD,SS,.259,30,1,11,5,.323,.328,.651,116,131,31,12,43,808975,2026-09-27
Jonah Cox,San Francisco Giants,SF,CF,.259,38,4,16,16,.306,.395,.701,147,165,63,10,61,813841,2026-09-27
Mookie Betts,Los Angeles Dodgers,LAD,SS,.258,123,23,69,2,.327,.456,.783,476,526,56,47,122,605141,2026-09-27
Rafael Devers,San Francisco Giants,SF,1B,.258,144,37,98,0,.340,.525,.865,558,633,161,69,148,646240,2026-09-27
Carson Kelly,Chicago Cubs,CHC,C,.258,98,10,58,0,.336,.376,.712,380,425,70,40,121,608348,2026-09-27
Colt Keith,Detroit Tigers,DET,3B,.258,99,10,36,6,.322,.406,.728,384,423,84,32,140,690993,2026-09-27
Andrés Chaparro,Washington Nationals,WSH,1B,.258,50,11,37,0,.357,.495,.852,194,224,53,25,82,665953,2026-09-27
Pedro Ramírez,Chicago Cubs,CHC,2B,.257,61,6,32,9,.315,.401,.716,237,261,48,20,79,699393,2026-09-27
Brewer Hicklen,Atlanta Braves,ATL,RF,.257,9,0,3,0,.395,.400,.795,35,43,16,8,19,676551,2026-09-27
Angel Martínez,Cleveland Guardians,CLE,LF,.257,99,18,62,11,.293,.470,.763,385,412,90,13,113,682657,2026-09-27
Will Wagner,San Diego Padres,SD,DH,.257,9,0,0,0,.422,.286,.708,35,45,7,10,16,695238,2026-09-27
Dane Myers,Cincinnati Reds,CIN,CF,.257,75,8,27,10,.344,.377,.721,292,334,82,37,117,667472,2026-09-27
Tommy White,Athletics,ATH,1B,.257,48,3,10,0,.275,.332,.607,187,193,34,5,55,695720,2026-09-27
Tsung-Che Cheng,Boston Red Sox,BOS,SS,.256,10,0,5,0,.318,.282,.600,39,44,14,4,14,691907,2026-09-27
Ethan Salas,San Diego Padres,SD,C,.256,10,2,5,0,.275,.462,.737,39,40,9,1,16,806956,2026-09-27
Jordan Lawlar,Arizona Diamondbacks,ARI,CF,.256,31,6,16,5,.318,.463,.781,121,133,39,5,43,691783,2026-09-27
Jose Fernandez,Arizona Diamondbacks,ARI,3B,.256,52,3,16,9,.301,.345,.646,203,221,50,11,72,699912,2026-09-27
Ryan Waldschmidt,Arizona Diamondbacks,ARI,CF,.256,64,3,22,7,.325,.368,.693,250,284,85,22,81,814439,2026-09-27
Nick Kurtz,Athletics,ATH,1B,.256,90,21,69,7,.396,.483,.879,352,434,141,79,99,701762,2026-09-27
Victor Robles,Seattle Mariners,SEA,RF,.256,34,0,9,10,.315,.308,.623,133,149,22,9,66,645302,2026-09-27
Giancarlo Stanton,New York Yankees,NYY,DH,.256,23,3,14,1,.302,.422,.724,90,96,29,6,24,519317,2026-09-27
Charles McAdoo,Toronto Blue Jays,TOR,2B,.255,24,2,12,2,.304,.362,.666,94,102,25,7,35,807727,2026-09-27
Yohandy Morales,Washington Nationals,WSH,1B,.255,12,4,10,1,.255,.596,.851,47,47,15,0,17,691002,2026-09-27
Ronald Acuña Jr.,Atlanta Braves,ATL,RF,.255,104,20,55,21,.345,.451,.796,408,469,103,53,107,660670,2026-09-27
Juan Brito,Cincinnati Reds,CIN,2B,.255,26,3,14,1,.306,.402,.708,102,111,25,7,32,682877,2026-09-27
Nolan Arenado,Arizona Diamondbacks,ARI,3B,.255,135,30,86,4,.331,.474,.805,530,596,120,52,151,571448,2026-09-27
Dominic Smith,Atlanta Braves,ATL,DH,.255,68,9,46,0,.313,.386,.699,267,298,48,23,107,642086,2026-09-27
Jackson Merrill,San Diego Padres,SD,CF,.254,156,26,87,27,.303,.440,.743,613,664,160,41,158,701538,2026-09-27
Josh Bell,Minnesota Twins,MIN,DH,.254,144,20,93,2,.318,.413,.731,566,627,123,51,153,605137,2026-09-27
Nick Sogard,Boston Red Sox,BOS,2B,.254,60,5,19,1,.340,.386,.726,236,273,56,30,65,686765,2026-09-27
Byron Buxton,Minnesota Twins,MIN,CF,.254,94,25,46,7,.319,.511,.830,370,408,100,30,93,621439,2026-09-27
A.J. Ewing,New York Mets,NYM,CF,.254,110,11,43,25,.324,.379,.703,433,488,124,45,119,805999,2026-09-27
Ildemaro Vargas,Arizona Diamondbacks,ARI,1B,.254,115,9,67,3,.298,.377,.675,453,486,49,27,141,545121,2026-09-27
Jesús Sánchez,Arizona Diamondbacks,ARI,DH,.254,72,8,35,1,.311,.401,.712,284,315,75,18,105,660821,2026-09-27
Kyle Karros,Colorado Rockies,COL,3B,.253,103,13,49,5,.348,.415,.763,407,471,98,54,130,691720,2026-09-27
Brayan Rocchio,Cleveland Guardians,CLE,SS,.253,135,15,73,20,.313,.391,.704,534,592,85,38,153,677587,2026-09-27
Curtis Mead,Boston Red Sox,BOS,2B,.253,72,17,48,6,.353,.498,.851,285,329,63,39,88,678554,2026-09-27
Brooks Lee,Minnesota Twins,MIN,3B,.253,147,24,83,8,.300,.430,.730,582,627,102,37,155,686797,2026-09-27
Carlos Cortes,Athletics,ATH,LF,.252,86,10,43,2,.319,.399,.718,341,379,63,31,123,666126,2026-09-27
Paul Goldschmidt,New York Yankees,NYY,1B,.252,87,18,52,1,.313,.452,.765,345,380,86,29,105,502671,2026-09-27
Ben Malgeri,Detroit Tigers,DET,RF,.252,30,5,20,5,.353,.420,.773,119,139,36,17,59,701162,2026-09-27
Matt Olson,Atlanta Braves,ATL,1B,.252,157,41,93,4,.322,.504,.826,623,696,170,64,161,621566,2026-09-27
Nathaniel Lowe,Cleveland Guardians,CLE,1B,.252,95,17,64,0,.318,.446,.764,377,425,99,38,125,663993,2026-09-27
Jacob Young,Washington Nationals,WSH,CF,.252,105,10,49,18,.318,.391,.709,417,467,77,33,139,696285,2026-09-27
Ryan Jeffers,Minnesota Twins,MIN,C,.252,79,14,55,1,.349,.455,.804,314,365,66,45,91,680777,2026-09-27
Bryson Stott,Philadelphia Phillies,PHI,2B,.251,134,10,66,26,.330,.394,.724,533,604,100,61,154,681082,2026-09-27
Mickey Gasper,Boston Red Sox,BOS,DH,.251,48,10,24,0,.357,.466,.823,191,225,39,27,67,681508,2026-09-27
José Fermín,St. Louis Cardinals,STL,LF,.251,81,6,41,8,.312,.359,.671,323,366,49,30,117,665877,2026-09-27
Jose Altuve,Houston Astros,HOU,2B,.250,130,16,49,5,.307,.397,.704,519,568,113,41,134,514888,2026-09-27
Kyle Farmer,Atlanta Braves,ATL,X,.250,4,0,3,0,.235,.313,.548,16,17,4,0,13,571657,2026-09-27
Cody Freeman,Texas Rangers,TEX,3B,.250,21,1,6,1,.323,.321,.644,84,96,15,8,35,683227,2026-09-27
Gabriel Gonzalez,Minnesota Twins,MIN,LF,.250,2,0,0,0,.455,.250,.705,8,11,2,2,7,694224,2026-09-27
Jace Jung,Detroit Tigers,DET,DH,.250,2,0,0,0,.400,.250,.650,8,10,2,2,5,690291,2026-09-27
Scott Kingery,Chicago Cubs,CHC,X,.250,1,0,0,1,.250,.250,.500,4,4,0,0,8,664068,2026-09-27
Eddys Leonard,San Francisco Giants,SF,LF,.250,2,0,0,0,.250,.375,.625,8,8,2,0,3,678760,2026-09-27
Parker Meadows,Detroit Tigers,DET,CF,.250,9,0,2,3,.308,.333,.641,36,39,10,2,12,678009,2026-09-27
Logan Porter,Los Angeles Angels,LAA,C,.250,1,0,0,0,.500,.500,1.000,4,6,2,2,3,682515,2026-09-27
Yohel Pozo,Baltimore Orioles,BAL,C,.250,15,1,7,1,.258,.317,.575,60,62,9,1,37,650968,2026-09-27
Luis Urías,Toronto Blue Jays,TOR,2B,.250,13,3,8,0,.322,.481,.803,52,59,10,6,26,649966,2026-09-27
Miguel Vargas,Chicago White Sox,CWS,3B,.250,147,33,93,22,.363,.474,.837,588,704,126,101,159,678246,2026-09-27
Alec Bohm,Philadelphia Phillies,PHI,3B,.250,141,15,88,2,.314,.384,.698,565,625,88,46,154,664761,2026-09-27
Max Muncy,Los Angeles Dodgers,LAD,3B,.249,121,29,76,3,.344,.487,.831,485,556,140,63,148,571970,2026-09-27
Wilyer Abreu,Boston Red Sox,BOS,RF,.249,148,24,76,8,.328,.448,.776,594,677,140,70,156,677800,2026-09-27
Ketel Marte,Arizona Diamondbacks,ARI,2B,.249,139,22,75,4,.316,.434,.750,558,620,86,51,140,606466,2026-09-27
Nathan Church,St. Louis Cardinals,STL,CF,.249,107,10,50,10,.292,.367,.659,430,466,80,25,141,701675,2026-09-27
Austin Hedges,Cleveland Guardians,CLE,C,.249,53,6,25,1,.328,.380,.708,213,245,44,25,81,595978,2026-09-27
Julio Rodríguez,Seattle Mariners,SEA,CF,.249,147,22,71,22,.310,.404,.714,591,649,144,47,149,677594,2026-09-27
Caleb Durbin,Boston Red Sox,BOS,3B,.248,125,13,64,20,.333,.379,.712,504,582,79,51,152,702332,2026-09-27
George Springer,Toronto Blue Jays,TOR,DH,.248,114,15,54,12,.320,.402,.722,460,515,94,47,125,543807,2026-09-27
Dalton Rushing,Los Angeles Dodgers,LAD,C,.248,55,12,36,0,.331,.464,.795,222,251,74,23,79,687221,2026-09-27
Roman Anthony,Boston Red Sox,BOS,LF,.248,52,5,15,2,.342,.400,.742,210,240,64,29,54,701350,2026-09-27
Daylen Lile,Washington Nationals,WSH,LF,.247,148,22,89,15,.298,.431,.729,598,651,126,40,159,695734,2026-09-27
Blaze Jordan,St. Louis Cardinals,STL,3B,.247,46,3,28,0,.276,.382,.658,186,199,30,7,58,691458,2026-09-27
Travis Bazzana,Cleveland Guardians,CLE,2B,.247,110,15,57,19,.337,.411,.748,445,513,107,56,123,683953,2026-09-27
Tyler Freeman,Colorado Rockies,COL,RF,.247,63,3,23,6,.317,.314,.631,255,288,34,11,79,671289,2026-09-27
Vinnie Pasquantino,Kansas City Royals,KC,1B,.247,103,15,61,5,.331,.412,.743,417,477,75,51,113,686469,2026-09-27
Ryan Vilade,Tampa Bay Rays,TB,RF,.247,60,11,43,3,.324,.432,.756,243,276,65,26,95,668723,2026-09-27
Anthony Seigler,Boston Red Sox,BOS,2B,.247,37,3,13,2,.327,.400,.727,150,173,28,18,49,678011,2026-09-27
Hunter Goodman,Colorado Rockies,COL,C,.247,127,41,88,5,.311,.532,.843,515,570,174,45,137,696100,2026-09-27
Spencer Horwitz,Pittsburgh Pirates,PIT,1B,.246,94,10,49,1,.345,.366,.711,382,447,72,53,113,687462,2026-09-27
Luis Lara,Milwaukee Brewers,MIL,RF,.246,47,1,26,3,.311,.325,.636,191,212,46,18,61,800325,2026-09-27
Eli White,Boston Red Sox,BOS,CF,.246,47,6,29,5,.289,.398,.687,191,204,45,11,96,642201,2026-09-27
Brady House,Washington Nationals,WSH,3B,.246,78,10,45,3,.311,.397,.708,317,351,91,28,94,691781,2026-09-27
Anthony Volpe,New York Yankees,NYY,SS,.245,54,2,28,12,.321,.336,.657,220,246,56,25,70,683011,2026-09-27
Sebastián Rivero,Los Angeles Angels,LAA,C,.245,13,0,8,0,.286,.283,.569,53,57,12,3,24,665861,2026-09-27
Cole Young,Seattle Mariners,SEA,2B,.245,141,17,66,4,.310,.381,.691,575,634,109,42,159,702284,2026-09-27
Spencer Jones,New York Yankees,NYY,CF,.245,64,11,40,10,.313,.429,.742,261,289,105,25,86,682987,2026-09-27
Heliot Ramos,New York Yankees,NYY,RF,.245,99,13,46,4,.305,.411,.716,404,442,121,31,112,671218,2026-09-27
Tyler Soderstrom,Athletics,ATH,LF,.245,97,19,56,2,.338,.472,.810,396,453,91,53,109,691016,2026-09-27
Andrés Giménez,Toronto Blue Jays,TOR,SS,.245,114,9,59,20,.290,.361,.651,466,505,94,17,147,665926,2026-09-27
Gabriel Arias,Chicago Cubs,CHC,SS,.245,34,5,13,4,.286,.374,.660,139,147,60,8,50,672356,2026-09-27
Ali Sánchez,New York Yankees,NYY,C,.244,21,1,8,0,.275,.302,.577,86,92,25,1,51,645305,2026-09-27
David Hamilton,Milwaukee Brewers,MIL,3B,.244,82,4,26,30,.314,.336,.650,336,384,86,32,120,666152,2026-09-27
Vaughn Grissom,Los Angeles Angels,LAA,1B,.243,102,13,71,1,.310,.389,.699,419,470,86,31,118,687093,2026-09-27
Raynel Delgado,Houston Astros,HOU,2B,.243,9,1,4,0,.300,.351,.651,37,41,7,3,19,669384,2026-09-27
Dillon Dingler,Detroit Tigers,DET,C,.243,134,27,91,0,.302,.446,.748,551,607,139,34,145,693307,2026-09-27
Myles Straw,Toronto Blue Jays,TOR,LF,.243,71,3,26,7,.307,.346,.653,292,327,43,27,146,664702,2026-09-27
Tommy Edman,Los Angeles Dodgers,LAD,2B,.243,70,8,42,6,.324,.378,.702,288,327,67,21,83,669242,2026-09-27
Daniel Susac,San Francisco Giants,SF,C,.243,35,3,22,2,.289,.375,.664,144,161,36,8,53,691740,2026-09-27
Michael Busch,Chicago Cubs,CHC,1B,.243,145,20,77,3,.354,.395,.749,597,707,165,92,159,683737,2026-09-27
Iván Herrera,St. Louis Cardinals,STL,DH,.243,146,19,69,8,.353,.384,.737,602,713,137,75,160,671056,2026-09-27
Edmundo Sosa,Philadelphia Phillies,PHI,LF,.242,55,8,43,4,.280,.410,.690,227,246,53,7,83,624641,2026-09-27
Isiah Kiner-Falefa,Boston Red Sox,BOS,2B,.242,39,2,16,8,.322,.311,.633,161,183,27,19,66,643396,2026-09-27
JJ Wetherholt,St. Louis Cardinals,STL,2B,.242,130,17,51,14,.339,.365,.704,537,619,104,64,139,802139,2026-09-27
Starling Marte,Kansas City Royals,KC,RF,.242,37,2,14,2,.298,.314,.612,153,168,41,9,59,516782,2026-09-27
Mike Trout,Los Angeles Angels,LAA,CF,.242,124,22,54,11,.382,.421,.803,513,634,165,107,142,545361,2026-09-27
Connor Norby,Colorado Rockies,COL,2B,.242,79,7,33,10,.340,.376,.716,327,379,108,40,104,681393,2026-09-27
Rikuu Nishida,Chicago White Sox,CWS,RF,.241,7,0,2,0,.241,.241,.482,29,30,5,0,12,807747,2026-09-27
Derek Hill,Philadelphia Phillies,PHI,CF,.241,48,11,31,13,.291,.442,.733,199,216,69,13,116,656537,2026-09-27
Tyler Stephenson,Cincinnati Reds,CIN,C,.241,99,15,54,0,.323,.404,.727,411,468,128,49,130,663886,2026-09-27
Javier Báez,Detroit Tigers,DET,SS,.241,45,3,20,1,.270,.364,.634,187,196,41,6,58,595879,2026-09-27
Trea Turner,Philadelphia Phillies,PHI,SS,.241,154,19,58,21,.296,.378,.674,640,695,146,48,156,607208,2026-09-27
Aaron Judge,New York Yankees,NYY,RF,.241,57,18,41,5,.360,.511,.871,237,285,85,43,66,592450,2026-09-27
Luis Rengifo,San Diego Padres,SD,LF,.240,75,4,36,6,.319,.317,.636,312,354,49,34,95,650859,2026-09-27
Adley Rutschman,Boston Red Sox,BOS,C,.240,87,12,59,0,.312,.417,.729,362,407,68,38,98,668939,2026-09-27
Adam Frazier,Los Angeles Angels,LAA,2B,.240,31,1,13,3,.315,.349,.664,129,147,39,11,67,624428,2026-09-27
Zach Neto,Los Angeles Angels,LAA,SS,.240,148,27,77,24,.329,.438,.767,616,699,213,68,156,687263,2026-09-27
Kevin Alcántara,Chicago Cubs,CHC,DH,.240,6,1,6,0,.286,.360,.646,25,28,11,2,24,682634,2026-09-27
Andrew Benintendi,Chicago White Sox,CWS,DH,.240,101,15,78,1,.302,.413,.715,421,468,112,39,141,643217,2026-09-27
Nick Loftin,Kansas City Royals,KC,3B,.240,89,8,45,4,.322,.388,.710,371,426,73,41,118,679845,2026-09-27
Matt Shaw,Chicago Cubs,CHC,RF,.240,41,5,24,4,.327,.415,.742,171,199,35,20,76,807713,2026-09-27
Drew Gilbert,San Francisco Giants,SF,CF,.240,81,11,43,2,.330,.396,.726,338,390,70,38,133,687551,2026-09-27
Tim Tawa,Arizona Diamondbacks,ARI,1B,.239,74,11,41,8,.297,.395,.692,309,347,84,27,103,694374,2026-09-27
Ben Williamson,Tampa Bay Rays,TB,2B,.239,62,3,26,8,.304,.320,.624,259,284,54,22,88,810938,2026-09-27
Kyle Stowers,Miami Marlins,MIA,1B,.239,107,21,65,1,.331,.459,.790,447,512,161,52,121,669065,2026-09-27
Kody Clemens,Minnesota Twins,MIN,2B,.239,126,27,80,10,.299,.461,.760,527,579,127,39,144,665019,2026-09-27
Carter Jensen,Kansas City Royals,KC,C,.239,126,27,81,2,.323,.467,.790,527,603,170,65,149,695600,2026-09-27
Agustín Ramírez,Miami Marlins,MIA,DH,.239,53,5,24,4,.323,.360,.683,222,251,60,26,71,682663,2026-09-27
Kahlil Watson,Cleveland Guardians,CLE,RF,.239,21,1,11,9,.264,.341,.605,88,91,32,3,27,696135,2026-09-27
Lars Nootbaar,Arizona Diamondbacks,ARI,LF,.238,67,8,32,2,.343,.381,.724,281,330,68,46,89,663457,2026-09-27
Jared Triolo,Pittsburgh Pirates,PIT,SS,.238,77,3,29,13,.308,.303,.611,323,361,71,28,124,669707,2026-09-27
Corbin Carroll,Arizona Diamondbacks,ARI,RF,.238,138,22,77,21,.328,.466,.794,579,668,151,73,155,682998,2026-09-27
Jo Adell,Cleveland Guardians,CLE,RF,.238,143,22,93,5,.296,.395,.691,600,656,157,33,158,666176,2026-09-27
Wyatt Langford,Texas Rangers,TEX,LF,.238,97,17,44,15,.334,.423,.757,407,467,107,55,109,694671,2026-09-27
Spencer Steer,Cincinnati Reds,CIN,1B,.238,81,16,40,3,.319,.421,.740,340,384,86,35,98,668715,2026-09-27
Ozzie Albies,Atlanta Braves,ATL,2B,.238,146,22,73,4,.294,.393,.687,613,681,104,46,161,645277,2026-09-27
Luis Torrens,New York Mets,NYM,C,.238,60,9,41,1,.296,.401,.697,252,277,58,17,92,620443,2026-09-27
Brett Baty,New York Mets,NYM,3B,.238,99,11,56,5,.312,.375,.687,416,469,123,44,142,683146,2026-09-27
Jorbit Vivas,Washington Nationals,WSH,2B,.238,74,3,31,2,.331,.322,.653,311,364,53,41,123,678391,2026-09-27
Amed Rosario,New York Yankees,NYY,3B,.238,54,10,34,3,.279,.405,.684,227,244,57,14,87,642708,2026-09-27
Jose Siri,Los Angeles Angels,LAA,LF,.238,54,9,31,9,.293,.401,.694,227,249,80,15,107,642350,2026-09-27
Mickey Moniak,Colorado Rockies,COL,LF,.238,96,23,65,1,.278,.480,.758,404,436,120,22,117,666160,2026-09-27
Richie Palacios,Tampa Bay Rays,TB,2B,.238,81,10,57,17,.333,.378,.711,341,395,68,46,123,680700,2026-09-27
Trevor Story,Boston Red Sox,BOS,SS,.237,59,5,29,5,.270,.353,.623,249,263,86,11,63,596115,2026-09-27
Michael Conforto,Chicago Cubs,CHC,DH,.237,63,15,44,1,.330,.466,.796,266,309,80,35,112,624424,2026-09-27
George Lombard Jr.,New York Yankees,NYY,SS,.237,36,7,22,2,.285,.414,.699,152,166,44,10,42,806146,2026-09-27
Victor Bericoto,San Francisco Giants,SF,LF,.236,26,5,15,1,.257,.418,.675,110,113,31,3,40,682674,2026-09-27
Drew Cavanaugh,San Francisco Giants,SF,C,.236,33,1,12,1,.323,.300,.623,140,162,47,18,58,701852,2026-09-27
Héctor Rodríguez,Cincinnati Reds,CIN,RF,.236,33,6,17,0,.277,.421,.698,140,148,39,7,40,699302,2026-09-27
Andruw Monasterio,Boston Red Sox,BOS,SS,.235,73,6,42,4,.297,.374,.671,310,344,67,26,106,655316,2026-09-27
Joc Pederson,Texas Rangers,TEX,DH,.235,88,26,53,2,.329,.487,.816,374,432,102,49,136,592626,2026-09-27
Jesus Rodriguez,San Francisco Giants,SF,C,.235,12,2,8,1,.316,.412,.728,51,58,8,5,22,683679,2026-09-27
Christian Yelich,Milwaukee Brewers,MIL,DH,.235,103,12,58,11,.315,.379,.694,438,496,133,49,117,592885,2026-09-27
Lawrence Butler,Athletics,ATH,RF,.235,110,17,62,10,.325,.393,.718,468,535,138,61,153,671732,2026-09-27
Everson Pereira,St. Louis Cardinals,STL,LF,.235,23,5,12,1,.309,.439,.748,98,111,37,6,38,677592,2026-09-27
José Ramírez,Cleveland Guardians,CLE,3B,.235,111,12,53,37,.320,.368,.688,473,544,69,60,125,608070,2026-09-27
Matt Chapman,San Francisco Giants,SF,3B,.235,72,7,42,0,.324,.368,.692,307,352,81,37,84,656305,2026-09-27
Connor Wong,Boston Red Sox,BOS,C,.234,49,4,25,3,.309,.349,.658,209,237,57,17,76,657136,2026-09-27
Joe Mack,Miami Marlins,MIA,C,.234,71,14,52,0,.282,.403,.685,303,330,82,19,105,691788,2026-09-27
Thomas Saggese,St. Louis Cardinals,STL,SS,.234,37,4,14,4,.295,.354,.649,158,176,49,13,56,695336,2026-09-27
Alex Freeland,Los Angeles Dodgers,LAD,2B,.234,54,4,21,4,.327,.325,.652,231,269,74,32,89,690976,2026-09-27
Kyle Tucker,Los Angeles Dodgers,LAD,RF,.234,125,17,70,12,.331,.387,.718,535,622,105,78,153,663656,2026-09-27
Darell Hernaiz,Athletics,ATH,SS,.234,32,1,9,3,.316,.277,.593,137,157,31,16,56,687231,2026-09-27
Francisco Alvarez,New York Mets,NYM,C,.233,87,16,43,0,.311,.399,.710,373,420,129,39,113,682626,2026-09-27
Kazuma Okamoto,Toronto Blue Jays,TOR,3B,.233,132,33,92,1,.310,.454,.764,566,633,181,58,155,672960,2026-09-27
Brenton Doyle,Chicago White Sox,CWS,CF,.233,48,5,14,14,.275,.350,.625,206,219,72,12,86,686668,2026-09-27
John Rave,Kansas City Royals,KC,RF,.232,33,6,13,8,.314,.430,.744,142,161,38,17,52,670231,2026-09-27
Esmerlyn Valdez,Pittsburgh Pirates,PIT,RF,.232,56,17,47,0,.345,.510,.855,241,287,108,42,72,699013,2026-09-27
Miguel Amaya,Chicago Cubs,CHC,C,.232,49,6,28,0,.337,.370,.707,211,250,67,23,82,665804,2026-09-27
Sal Frelick,Milwaukee Brewers,MIL,RF,.232,78,4,40,7,.298,.321,.619,336,381,38,31,110,686217,2026-09-27
Masyn Winn,St. Louis Cardinals,STL,SS,.232,109,5,56,10,.308,.317,.625,470,532,116,48,136,691026,2026-09-27
Sterlin Thompson,Colorado Rockies,COL,LF,.232,16,2,10,0,.312,.377,.689,69,77,21,5,27,694514,2026-09-27
Zac Veen,Colorado Rockies,COL,LF,.232,16,3,13,2,.312,.435,.747,69,79,31,7,36,691728,2026-09-27
Jazz Chisholm Jr.,New York Yankees,NYY,2B,.231,109,19,55,41,.312,.399,.711,471,532,157,56,137,665862,2026-09-27
José Caballero,New York Yankees,NYY,SS,.231,95,14,51,34,.290,.365,.655,411,456,111,29,136,676609,2026-09-27
Xander Bogaerts,San Diego Padres,SD,SS,.231,120,13,57,22,.332,.344,.676,520,606,109,77,153,593428,2026-09-27
P.J. Higgins,Cincinnati Reds,CIN,C,.231,6,0,4,0,.276,.269,.545,26,32,8,2,14,664731,2026-09-27
Austin Martin,Minnesota Twins,MIN,LF,.231,69,3,24,12,.342,.318,.660,299,354,67,44,117,668885,2026-09-27
Austin Slater,Tampa Bay Rays,TB,RF,.231,15,0,3,4,.311,.277,.588,65,74,21,8,28,596103,2026-09-27
Jakob Marsee,Miami Marlins,MIA,CF,.231,119,11,41,23,.348,.359,.707,516,616,126,78,155,805300,2026-09-27
Kyle Schwarber,Philadelphia Phillies,PHI,DH,.231,133,45,95,3,.353,.501,.854,577,696,219,104,155,656941,2026-09-27
Spencer Torkelson,Detroit Tigers,DET,1B,.230,121,26,77,1,.330,.436,.766,525,610,193,71,158,679529,2026-09-27
Max Muncy,Athletics,ATH,3B,.230,59,9,30,3,.296,.387,.683,256,284,91,21,82,691777,2026-09-27
Elias Díaz,Texas Rangers,TEX,C,.230,50,7,34,0,.263,.387,.650,217,236,58,9,86,553869,2026-09-27
Willy Adames,San Francisco Giants,SF,SS,.230,107,21,51,5,.289,.424,.713,465,505,139,37,121,642715,2026-09-27
Jake Burger,Texas Rangers,TEX,1B,.230,127,28,90,4,.304,.424,.728,552,616,165,56,154,669394,2026-09-27
Joshua Báez,St. Louis Cardinals,STL,LF,.230,23,7,18,2,.278,.510,.788,100,108,33,4,29,695491,2026-09-27
Alex Call,Los Angeles Dodgers,LAD,LF,.230,37,1,19,1,.347,.298,.645,161,193,35,23,87,669743,2026-09-27
Bryan Torres,St. Louis Cardinals,STL,LF,.229,38,4,19,2,.309,.331,.640,166,189,39,18,74,663494,2026-09-27
Salvador Perez,Kansas City Royals,KC,DH,.229,132,21,77,1,.273,.383,.656,577,624,119,25,151,521692,2026-09-27
Jackson Holliday,Baltimore Orioles,BAL,2B,.229,72,7,30,8,.300,.340,.640,315,354,84,34,98,702616,2026-09-27
Josh Rojas,Kansas City Royals,KC,3B,.229,24,2,14,1,.268,.324,.592,105,114,16,5,43,668942,2026-09-27
Dylan Beavers,Baltimore Orioles,BAL,LF,.228,74,9,44,5,.307,.373,.680,324,363,99,35,104,687637,2026-09-27
Coby Mayo,Baltimore Orioles,BAL,3B,.228,94,24,63,4,.297,.461,.758,412,454,138,36,132,691723,2026-09-27
Enrique Hernández,Los Angeles Dodgers,LAD,3B,.227,20,4,12,0,.277,.409,.686,88,94,28,6,40,571771,2026-09-27
Luisangel Acuña,Chicago White Sox,CWS,SS,.227,47,2,13,17,.260,.275,.535,207,221,43,9,103,682668,2026-09-27
Mike Yastrzemski,Atlanta Braves,ATL,LF,.227,81,12,41,1,.312,.384,.696,357,404,97,41,138,573262,2026-09-27
Jake Cronenworth,San Diego Padres,SD,2B,.227,85,7,40,9,.305,.323,.628,375,420,96,36,108,630105,2026-09-27
Gunnar Henderson,Baltimore Orioles,BAL,SS,.226,141,24,60,10,.311,.404,.715,623,702,156,67,158,683002,2026-09-27
Corey Seager,Texas Rangers,TEX,SS,.226,86,19,49,2,.313,.418,.731,380,432,103,45,101,608369,2026-09-27
Colton Cowser,Baltimore Orioles,BAL,CF,.226,77,13,40,10,.317,.370,.687,341,392,121,46,142,681297,2026-09-27
Braden Montgomery,Chicago White Sox,CWS,RF,.226,72,6,38,1,.313,.351,.664,319,361,71,38,92,695731,2026-09-27
Oswald Peraza,Los Angeles Angels,LAA,2B,.226,76,7,25,12,.282,.335,.617,337,366,109,17,122,672724,2026-09-27
Tristan Gray,Minnesota Twins,MIN,SS,.225,39,4,29,2,.267,.324,.591,173,188,60,10,66,656484,2026-09-27
Hunter Feduccia,Los Angeles Dodgers,LAD,C,.225,48,3,19,0,.314,.319,.633,213,246,59,27,92,676439,2026-09-27
Heriberto Hernández,Miami Marlins,MIA,LF,.225,100,24,66,13,.311,.432,.743,444,501,133,52,129,681715,2026-09-27
Luke Raley,Seattle Mariners,SEA,RF,.225,59,15,39,1,.284,.439,.723,262,287,93,15,95,670042,2026-09-27
Taylor Ward,Seattle Mariners,SEA,RF,.225,112,7,37,4,.359,.311,.670,498,607,130,99,143,621493,2026-09-27
Jasson Domínguez,New York Yankees,NYY,RF,.225,47,6,14,8,.267,.368,.635,209,222,48,10,57,691176,2026-09-27
Brett Sullivan,Colorado Rockies,COL,C,.225,49,7,33,1,.268,.390,.658,218,237,40,13,84,664954,2026-09-27
Royce Lewis,Minnesota Twins,MIN,1B,.224,103,14,56,15,.285,.373,.658,459,505,129,38,124,668904,2026-09-27
Petey Halpin,Cleveland Guardians,CLE,CF,.224,39,4,14,10,.269,.328,.597,174,191,35,9,82,690984,2026-09-27
Lane Thomas,Atlanta Braves,ATL,LF,.224,73,11,40,9,.318,.383,.701,326,374,93,44,118,657041,2026-09-27
Brandon Valenzuela,Toronto Blue Jays,TOR,C,.224,53,8,22,2,.307,.363,.670,237,268,68,28,90,678218,2026-09-27
Christian Walker,Houston Astros,HOU,1B,.224,127,28,86,0,.295,.421,.716,568,630,147,49,155,572233,2026-09-27
Jacob Gonzalez,Pittsburgh Pirates,PIT,SS,.223,46,7,31,2,.275,.369,.644,206,223,42,11,80,694378,2026-09-27
Turner Hill,San Francisco Giants,SF,LF,.223,23,1,16,2,.311,.320,.631,103,122,20,13,33,806367,2026-09-27
Edwin Arroyo,Cincinnati Reds,CIN,2B,.223,33,0,5,1,.266,.264,.530,148,160,38,6,50,695490,2026-09-27
Dylan Crews,Washington Nationals,WSH,RF,.223,89,13,44,12,.289,.373,.662,400,439,106,30,108,686611,2026-09-27
Samuel Basallo,Baltimore Orioles,BAL,C,.222,80,18,54,0,.291,.406,.697,360,399,106,32,112,694212,2026-09-27
Francisco Lindor,New York Mets,NYM,SS,.222,92,20,48,3,.306,.415,.721,414,464,95,45,104,596019,2026-09-27
Kenny Piper,Tampa Bay Rays,TB,C,.222,2,1,2,1,.364,.556,.920,9,11,3,2,14,700652,2026-09-27
Taylor Walls,Tampa Bay Rays,TB,SS,.222,82,2,36,21,.309,.298,.607,369,433,105,45,124,670764,2026-09-27
José Tena,Washington Nationals,WSH,DH,.222,57,7,25,6,.302,.370,.672,257,288,90,27,115,677588,2026-09-27
Christian Koss,San Francisco Giants,SF,SS,.221,44,4,12,5,.262,.312,.574,199,217,56,9,70,683766,2026-09-27
Daulton Varsho,Houston Astros,HOU,CF,.221,107,12,40,12,.281,.355,.636,484,526,107,39,140,662139,2026-09-27
Kyle Isbel,Kansas City Royals,KC,CF,.221,64,6,24,6,.265,.321,.586,290,319,73,15,99,664728,2026-09-27
Luis Robert Jr.,Baltimore Orioles,BAL,CF,.221,45,11,26,2,.300,.407,.707,204,230,55,24,61,673357,2026-09-27
Austin Riley,Atlanta Braves,ATL,3B,.220,124,19,72,9,.291,.366,.657,563,626,200,47,158,663586,2026-09-27
Victor Caratini,Minnesota Twins,MIN,C,.220,72,7,44,0,.312,.315,.627,327,382,80,34,106,605170,2026-09-27
J.P. Crawford,Seattle Mariners,SEA,SS,.220,90,14,40,1,.335,.352,.687,409,486,95,64,115,641487,2026-09-27
Ian Happ,Chicago Cubs,CHC,LF,.220,119,24,68,4,.329,.416,.745,541,631,186,81,155,664023,2026-09-27
Owen Caissie,Miami Marlins,MIA,RF,.220,64,14,58,5,.288,.412,.700,291,330,123,27,108,683357,2026-09-27
Kameron Misner,Kansas City Royals,KC,CF,.220,9,0,4,3,.256,.244,.500,41,44,17,2,18,670224,2026-09-27
Jarred Kelenic,Texas Rangers,TEX,LF,.219,16,1,6,0,.313,.288,.601,73,83,31,10,36,672284,2026-09-27
Andrew Knizner,San Francisco Giants,SF,C,.219,16,2,4,0,.288,.356,.644,73,80,14,4,29,668800,2026-09-27
Logan O'Hoppe,Texas Rangers,TEX,DH,.219,55,4,24,0,.275,.303,.578,251,274,67,17,85,681351,2026-09-27
Leody Taveras,Baltimore Orioles,BAL,CF,.219,94,8,56,11,.288,.345,.633,429,482,124,41,139,665750,2026-09-27
Denzer Guzman,Los Angeles Angels,LAA,3B,.219,61,8,33,2,.266,.337,.603,279,300,76,17,86,694203,2026-09-27
Ezequiel Tovar,Colorado Rockies,COL,SS,.219,101,13,44,8,.263,.353,.616,462,503,129,29,145,678662,2026-09-27
Kyle Higashioka,Texas Rangers,TEX,C,.218,36,7,18,0,.306,.370,.676,165,186,47,19,58,543309,2026-09-27
Ryan Ward,Los Angeles Dodgers,LAD,LF,.218,12,3,12,0,.283,.455,.738,55,60,17,5,20,669899,2026-09-27
Ryan Kreidler,Minnesota Twins,MIN,SS,.218,53,8,29,4,.286,.379,.665,243,267,61,21,105,668952,2026-09-27
Brett Callahan,Detroit Tigers,DET,LF,.217,15,1,8,0,.286,.333,.619,69,77,25,6,32,814430,2026-09-27
Jose Trevino,Cincinnati Reds,CIN,C,.217,33,5,19,0,.221,.336,.557,152,156,29,1,52,624431,2026-09-27
Tommy Troy,Arizona Diamondbacks,ARI,LF,.217,28,4,9,1,.289,.349,.638,129,143,34,13,45,694371,2026-09-27
Jeremiah Jackson,Baltimore Orioles,BAL,2B,.217,60,10,45,2,.247,.365,.612,277,293,69,10,102,669236,2026-09-27
Moisés Ballesteros,Los Angeles Angels,LAA,C,.217,68,9,35,1,.282,.334,.616,314,348,82,29,103,694208,2026-09-27
Manny Machado,San Diego Padres,SD,3B,.216,127,30,90,5,.303,.407,.710,587,675,143,76,157,592518,2026-09-27
George Valera,Cleveland Guardians,CLE,LF,.216,8,0,6,0,.237,.297,.534,37,38,8,1,13,671655,2026-09-27
Jake Fraley,Tampa Bay Rays,TB,RF,.216,19,2,5,3,.289,.364,.653,88,97,29,9,31,641584,2026-09-27
Kyle Manzardo,Cleveland Guardians,CLE,1B,.215,67,13,39,0,.306,.378,.684,312,356,114,36,102,700932,2026-09-27
Joey Bart,Chicago White Sox,CWS,C,.214,24,4,13,0,.305,.357,.662,112,128,35,7,44,663698,2026-09-27
JJ Bleday,Cincinnati Reds,CIN,LF,.214,99,24,58,6,.322,.413,.735,462,541,120,72,132,668709,2026-09-27
Tanner Murray,Chicago White Sox,CWS,LF,.214,6,1,3,0,.281,.321,.602,28,33,7,2,13,695020,2026-09-27
Esteury Ruiz,Miami Marlins,MIA,RF,.214,45,6,16,33,.331,.367,.698,210,251,81,25,108,665923,2026-09-27
Marcus Semien,New York Mets,NYM,2B,.214,105,15,49,10,.280,.339,.619,490,543,103,45,138,543760,2026-09-27
Dansby Swanson,Chicago Cubs,CHC,SS,.214,91,19,69,17,.297,.400,.697,425,482,113,50,125,621020,2026-09-27
Joey Loperfido,Houston Astros,HOU,LF,.214,22,1,12,1,.311,.330,.641,103,121,32,14,40,694388,2026-09-27
Ryan McMahon,New York Yankees,NYY,3B,.213,70,11,41,3,.279,.357,.636,328,360,106,28,124,641857,2026-09-27
Zach Dezenzo,Houston Astros,HOU,LF,.213,16,1,3,1,.280,.307,.587,75,82,31,7,35,701305,2026-09-27
Jake Meyers,Houston Astros,HOU,CF,.213,30,3,11,1,.268,.326,.594,141,153,31,10,57,676694,2026-09-27
Pedro Pagés,St. Louis Cardinals,STL,C,.213,40,4,12,2,.265,.309,.574,188,208,56,12,83,686780,2026-09-27
Walker Jenkins,Minnesota Twins,MIN,CF,.213,17,4,10,1,.284,.388,.672,80,89,19,7,25,805805,2026-09-27
Tyler O'Neill,Baltimore Orioles,BAL,RF,.212,49,10,23,1,.300,.377,.677,231,260,72,27,85,641933,2026-09-27
Eugenio Suárez,Cincinnati Reds,CIN,DH,.212,92,26,74,1,.307,.433,.740,434,498,169,52,125,553993,2026-09-27
Isaac Collins,Kansas City Royals,KC,LF,.212,93,6,40,8,.318,.321,.639,439,515,120,63,144,686555,2026-09-27
Mark Vientos,New York Mets,NYM,1B,.212,58,13,41,0,.258,.394,.652,274,295,71,15,87,668901,2026-09-27
Lazaro Montes,Seattle Mariners,SEA,RF,.212,11,4,11,0,.305,.481,.786,52,59,24,7,21,703155,2026-09-27
Nick Yorke,Pittsburgh Pirates,PIT,3B,.212,22,1,12,1,.284,.279,.563,104,117,26,9,40,694377,2026-09-27
Angel Genao,Cleveland Guardians,CLE,2B,.211,26,2,6,1,.281,.293,.574,123,135,21,11,42,694197,2026-09-27
Tyler Callihan,Pittsburgh Pirates,PIT,RF,.211,20,3,15,1,.283,.389,.672,95,107,38,9,40,682997,2026-09-27
Trent Grisham,New York Yankees,NYY,CF,.211,88,18,59,9,.308,.395,.703,418,484,89,61,121,663757,2026-09-27
Heston Kjerstad,Baltimore Orioles,BAL,X,.211,4,0,2,0,.211,.263,.474,19,19,9,0,11,677008,2026-09-27
Gavin Sheets,San Diego Padres,SD,1B,.211,76,16,47,4,.312,.388,.700,361,417,85,49,124,657757,2026-09-27
Graham Pauley,Miami Marlins,MIA,3B,.210,29,4,25,1,.257,.377,.634,138,150,37,8,61,688363,2026-09-27
Kyle Teel,Chicago White Sox,CWS,C,.210,25,5,26,0,.336,.361,.697,119,144,51,19,39,691019,2026-09-27
Lourdes Gurriel Jr.,Arizona Diamondbacks,ARI,LF,.210,39,2,22,1,.254,.290,.544,186,201,38,10,51,666971,2026-09-27
Jahmai Jones,Boston Red Sox,BOS,DH,.209,33,6,16,3,.302,.373,.675,158,179,58,17,93,663330,2026-09-27
Josh Lowe,Los Angeles Angels,LAA,LF,.208,64,12,29,10,.273,.362,.635,307,339,103,25,113,666139,2026-09-27
Nasim Nuñez,Washington Nationals,WSH,2B,.208,89,1,36,49,.292,.241,.533,427,489,99,49,146,683083,2026-09-27
Daz Cameron,Toronto Blue Jays,TOR,LF,.208,5,1,3,0,.200,.375,.575,24,25,7,0,8,663662,2026-09-27
Marcelo Mayer,San Francisco Giants,SF,3B,.208,45,3,22,3,.275,.296,.571,216,241,50,18,75,691785,2026-09-27
Gary Sánchez,Milwaukee Brewers,MIL,C,.208,46,11,36,0,.351,.412,.763,221,271,58,46,86,596142,2026-09-27
Patrick Bailey,Cleveland Guardians,CLE,C,.208,64,10,37,3,.274,.338,.612,308,343,90,28,111,672275,2026-09-27
Kerry Carpenter,Detroit Tigers,DET,RF,.208,48,13,36,0,.276,.416,.692,231,259,75,18,81,681481,2026-09-27
Jarren Duran,Boston Red Sox,BOS,LF,.208,114,20,69,21,.267,.362,.629,549,606,165,41,150,680776,2026-09-27
Edouard Julien,Colorado Rockies,COL,2B,.208,49,3,20,5,.322,.292,.614,236,276,71,39,88,666397,2026-09-27
Lucas Spence,Houston Astros,HOU,CF,.208,11,4,10,0,.276,.472,.748,53,58,22,4,18,828599,2026-09-27
Cam Smith,Houston Astros,HOU,RF,.208,105,21,55,12,.276,.389,.665,506,563,147,43,156,701358,2026-09-27
Jim Jarvis,Atlanta Braves,ATL,SS,.207,23,1,11,0,.267,.297,.564,111,124,23,8,38,805347,2026-09-27
Cam Cauley,Texas Rangers,TEX,2B,.207,12,1,1,1,.281,.345,.626,58,65,15,5,34,695508,2026-09-27
Matt Vierling,Detroit Tigers,DET,CF,.207,55,5,31,4,.255,.335,.590,266,291,49,19,92,663837,2026-09-27
Munetaka Murakami,Chicago White Sox,CWS,1B,.207,93,35,77,1,.348,.478,.826,450,549,195,92,126,808959,2026-09-27
Christian Vázquez,Houston Astros,HOU,C,.207,50,7,25,1,.261,.322,.583,242,266,53,18,86,543877,2026-09-27
LaMonte Wade Jr.,Houston Astros,HOU,LF,.206,26,4,19,0,.310,.349,.659,126,145,36,19,55,664774,2026-09-27
Weston Wilson,Seattle Mariners,SEA,3B,.206,33,4,13,6,.291,.313,.604,160,179,57,18,74,642215,2026-09-27
Daniel Schneemann,Cleveland Guardians,CLE,CF,.205,53,6,29,6,.273,.318,.591,258,282,84,24,90,682177,2026-09-27
J.T. Realmuto,Philadelphia Phillies,PHI,C,.205,84,11,50,3,.283,.329,.612,410,463,99,37,122,592663,2026-09-27
Cedric Mullins,Tampa Bay Rays,TB,CF,.205,89,15,48,21,.284,.345,.629,435,498,95,43,136,656775,2026-09-27
Max Kepler,Arizona Diamondbacks,ARI,LF,.205,27,2,15,0,.262,.303,.565,132,145,32,11,41,596146,2026-09-27
Jonah Heim,Athletics,ATH,C,.204,73,13,43,0,.262,.366,.628,358,390,70,27,105,641680,2026-09-27
Josh Smith,Toronto Blue Jays,TOR,LF,.204,43,6,15,4,.292,.322,.614,211,242,56,25,79,669701,2026-09-27
Sean Keys,Toronto Blue Jays,TOR,1B,.203,12,2,9,0,.250,.339,.589,59,65,21,3,24,815873,2026-09-27
Ramón Laureano,San Diego Padres,SD,LF,.203,37,7,21,7,.286,.374,.660,182,206,65,20,53,657656,2026-09-27
Edgar Quero,Chicago White Sox,CWS,C,.203,38,3,19,1,.284,.257,.541,187,217,43,18,69,700337,2026-09-27
Marcell Ozuna,Pittsburgh Pirates,PIT,DH,.203,51,8,29,0,.286,.327,.613,251,280,80,27,70,542303,2026-09-27
Jorge Soler,Los Angeles Angels,LAA,DH,.203,64,12,49,0,.291,.373,.664,316,361,118,35,86,624585,2026-09-27
Colby Thomas,Athletics,ATH,RF,.202,23,4,11,1,.235,.333,.568,114,121,37,4,55,687515,2026-09-27
Shay Whitcomb,San Francisco Giants,SF,3B,.202,23,4,13,1,.229,.333,.562,114,120,35,4,48,694376,2026-09-27
Osleivis Basabe,San Francisco Giants,SF,2B,.202,26,5,13,2,.268,.341,.609,129,143,29,9,46,678545,2026-09-27
Zach McKinstry,Detroit Tigers,DET,RF,.201,74,4,26,3,.290,.296,.586,368,420,68,42,128,656716,2026-09-27
Danny Jansen,Texas Rangers,TEX,C,.201,39,7,25,1,.295,.366,.661,194,224,55,18,66,643376,2026-09-27
Jorge Mateo,Tampa Bay Rays,TB,SS,.201,41,5,18,19,.244,.309,.553,204,218,69,11,98,622761,2026-09-27
Brice Matthews,Houston Astros,HOU,CF,.201,43,7,22,4,.255,.332,.587,214,233,74,16,84,694728,2026-09-27
Luken Baker,Arizona Diamondbacks,ARI,1B,.200,1,0,0,0,.200,.200,.400,5,5,3,0,3,663609,2026-09-27
Jonah Bride,Texas Rangers,TEX,3B,.200,1,0,0,0,.333,.200,.533,5,6,2,1,2,681146,2026-09-27
Luis Matos,Milwaukee Brewers,MIL,RF,.200,4,0,0,0,.238,.200,.438,20,21,7,1,9,682641,2026-09-27
Brent Rooker,Athletics,ATH,DH,.200,36,10,29,2,.281,.389,.670,180,203,65,19,48,667670,2026-09-27
Shawn Ross,Pittsburgh Pirates,PIT,C,.200,1,1,2,0,.200,.800,1.000,5,5,2,0,2,676566,2026-09-27
Rowdy Tellez,Atlanta Braves,ATL,X,.200,2,1,4,0,.273,.500,.773,10,11,3,1,7,642133,2026-09-27
Will Wilson,Seattle Mariners,SEA,3B,.200,1,1,2,0,.333,.800,1.133,5,6,1,1,2,669717,2026-09-27
Leo Jiménez,Miami Marlins,MIA,3B,.199,33,2,14,1,.306,.259,.565,166,194,38,18,66,677870,2026-09-27
Colson Montgomery,Chicago White Sox,CWS,SS,.199,112,31,87,1,.284,.406,.690,564,634,225,54,152,695657,2026-09-27
Jordan Beck,Colorado Rockies,COL,RF,.198,32,1,11,2,.256,.290,.546,162,176,55,13,62,687597,2026-09-27
Freddy Fermin,San Diego Padres,SD,C,.197,45,4,21,1,.271,.307,.578,228,261,55,21,95,666023,2026-09-27
Bryce Teodosio,Los Angeles Angels,LAA,LF,.197,13,0,6,5,.254,.227,.481,66,72,26,5,42,669326,2026-09-27
Brock Rodden,Seattle Mariners,SEA,3B,.197,12,0,4,0,.306,.279,.585,61,72,24,10,30,801126,2026-09-27
Ronny Mauricio,New York Mets,NYM,SS,.196,11,3,6,0,.224,.375,.599,56,58,19,1,19,677595,2026-09-27
Sung-Mun Song,San Diego Padres,SD,2B,.195,25,1,17,13,.293,.250,.543,128,150,30,18,77,823550,2026-09-27
Nick Morabito,New York Mets,NYM,LF,.195,8,0,4,1,.283,.244,.527,41,46,16,3,19,703492,2026-09-27
Evan Carter,Texas Rangers,TEX,CF,.195,76,9,40,17,.288,.315,.603,390,453,114,47,140,694497,2026-09-27
Adolis García,Philadelphia Phillies,PHI,RF,.195,45,7,21,3,.270,.329,.599,231,259,84,21,67,666969,2026-09-27
Lenyn Sosa,Toronto Blue Jays,TOR,2B,.195,22,1,9,0,.207,.283,.490,113,117,25,1,40,672820,2026-09-27
Jorge Barrosa,Houston Astros,HOU,LF,.194,28,2,12,3,.287,.333,.620,144,173,46,17,104,678489,2026-09-27
Adrian Del Castillo,Arizona Diamondbacks,ARI,DH,.194,35,5,24,1,.247,.311,.558,180,196,56,13,63,680728,2026-09-27
David Fry,Cleveland Guardians,CLE,X,.194,35,8,20,0,.310,.361,.671,180,210,58,28,90,681807,2026-09-27
Max Schuemann,New York Yankees,NYY,LF,.194,14,2,8,3,.333,.361,.694,72,87,21,12,43,680474,2026-09-27
Taylor Trammell,Houston Astros,HOU,LF,.194,49,8,22,4,.285,.345,.630,252,285,90,28,98,666211,2026-09-27
Victor Scott II,St. Louis Cardinals,STL,CF,.193,32,2,9,12,.270,.253,.523,166,195,46,16,80,687363,2026-09-27
Scott Bandura,San Francisco Giants,SF,LF,.192,5,0,0,1,.222,.231,.453,26,27,16,1,12,814154,2026-09-27
Miles Mastrobuoni,Seattle Mariners,SEA,3B,.192,5,0,1,0,.241,.192,.433,26,30,10,2,13,670156,2026-09-27
Andrew McCutchen,Texas Rangers,TEX,DH,.192,14,1,5,0,.277,.260,.537,73,83,22,9,37,457705,2026-09-27
MJ Melendez,New York Mets,NYM,DH,.192,23,4,11,0,.315,.350,.665,120,144,50,17,56,669004,2026-09-27
Eric Wagaman,New York Mets,NYM,X,.191,9,2,5,0,.269,.319,.588,47,52,12,4,26,676572,2026-09-27
Nick Castellanos,San Diego Padres,SD,RF,.191,22,4,20,2,.221,.339,.560,115,122,34,5,39,592206,2026-09-27
Christian Moore,Los Angeles Angels,LAA,2B,.191,25,2,18,1,.252,.282,.534,131,143,47,10,37,695681,2026-09-27
Carlos Jorge,Cincinnati Reds,CIN,CF,.190,8,1,1,2,.261,.310,.571,42,46,13,4,17,699115,2026-09-27
Jonathan Ornelas,Milwaukee Brewers,MIL,2B,.190,4,0,1,0,.227,.190,.417,21,22,11,1,9,680716,2026-09-27
Ben Ross,Minnesota Twins,MIN,SS,.190,4,0,1,1,.190,.381,.571,21,21,11,0,10,805346,2026-09-27
Pavin Smith,Arizona Diamondbacks,ARI,1B,.190,20,3,12,2,.271,.305,.576,105,118,24,12,39,656976,2026-09-27
Colt Emerson,Seattle Mariners,SEA,SS,.190,42,8,23,3,.246,.335,.581,221,241,83,15,69,806068,2026-09-27
Noelvi Marte,Cincinnati Reds,CIN,RF,.189,36,6,15,7,.229,.321,.550,190,201,52,10,63,682622,2026-09-27
Yoán Moncada,Los Angeles Angels,LAA,3B,.189,21,3,10,1,.308,.297,.605,111,130,45,17,41,660162,2026-09-27
J.C. Escarra,New York Yankees,NYY,C,.188,16,0,7,0,.239,.271,.510,85,92,18,6,32,641555,2026-09-27
Nelson Velázquez,Houston Astros,HOU,X,.188,19,6,18,0,.257,.406,.663,101,113,38,9,52,676369,2026-09-27
Will Benson,Cincinnati Reds,CIN,RF,.188,18,3,6,1,.310,.333,.643,96,114,38,16,51,666181,2026-09-27
Abimelec Ortiz,Washington Nationals,WSH,1B,.188,24,5,14,0,.228,.344,.572,128,136,36,7,44,694673,2026-09-27
Nolan Gorman,St. Louis Cardinals,STL,3B,.187,49,9,33,0,.275,.313,.588,262,298,95,33,84,669357,2026-09-27
Matt McLain,Cincinnati Reds,CIN,2B,.187,81,15,40,20,.276,.336,.612,434,493,138,48,133,680574,2026-09-27
Alek Thomas,Los Angeles Dodgers,LAD,CF,.186,21,2,13,4,.227,.327,.554,113,120,27,4,35,677950,2026-09-27
Austin Wells,New York Yankees,NYY,C,.186,62,14,32,4,.292,.332,.624,334,388,103,48,122,669224,2026-09-27
Harry Ford,Washington Nationals,WSH,C,.186,18,3,10,3,.307,.340,.647,97,114,28,16,37,695670,2026-09-27
Ben Rortvedt,Los Angeles Dodgers,LAD,C,.185,5,0,1,0,.185,.185,.370,27,28,9,0,16,666163,2026-09-27
Romy Gonzalez,Boston Red Sox,BOS,DH,.185,12,1,7,1,.264,.308,.572,65,73,21,5,19,663853,2026-09-27
Drew Millas,Washington Nationals,WSH,C,.185,24,2,11,0,.277,.262,.539,130,152,37,14,50,686452,2026-09-27
CJ Kayfus,Cleveland Guardians,CLE,LF,.182,4,1,2,0,.280,.364,.644,22,25,8,2,9,692216,2026-09-27
Johnathan Rodríguez,Baltimore Orioles,BAL,RF,.182,2,0,2,0,.333,.273,.606,11,15,6,3,7,671286,2026-09-27
Wenceel Pérez,Detroit Tigers,DET,RF,.180,29,7,17,3,.246,.348,.594,161,175,29,14,53,672761,2026-09-27
Christian Franklin,Baltimore Orioles,BAL,LF,.180,9,0,1,3,.305,.220,.525,50,59,15,7,21,681047,2026-09-27
Connor Joe,Seattle Mariners,SEA,RF,.179,7,1,3,2,.289,.308,.597,39,45,15,6,21,656582,2026-09-27
Brian Serven,Athletics,ATH,C,.179,14,5,14,0,.220,.385,.605,78,82,21,3,28,661531,2026-09-27
Jimmy Crooks,St. Louis Cardinals,STL,C,.179,24,5,14,0,.255,.336,.591,134,149,48,9,52,699625,2026-09-27
Rhys Hoskins,Cleveland Guardians,CLE,1B,.179,47,13,38,1,.306,.376,.682,263,317,100,47,95,656555,2026-09-27
Eliezer Alfonzo,Los Angeles Dodgers,LAD,C,.179,5,0,4,0,.179,.250,.429,28,28,3,0,13,672613,2026-09-27
Bryce Johnson,San Diego Padres,SD,X,.178,8,0,2,5,.229,.222,.451,45,49,18,3,32,669369,2026-09-27
Emmanuel Rodriguez,Minnesota Twins,MIN,LF,.178,8,2,5,0,.229,.400,.629,45,48,16,3,13,691181,2026-09-27
Cal Raleigh,Seattle Mariners,SEA,C,.177,79,23,68,2,.293,.365,.658,446,525,163,72,125,663728,2026-09-27
Will Banfield,Cincinnati Reds,CIN,C,.176,3,0,1,0,.167,.235,.402,17,18,5,0,10,677943,2026-09-27
Jerar Encarnacion,San Francisco Giants,SF,RF,.176,6,0,0,0,.200,.206,.406,34,35,8,1,17,666464,2026-09-27
Braxton Fulford,Colorado Rockies,COL,C,.176,13,1,7,4,.259,.270,.529,74,85,34,8,46,690924,2026-09-27
Tyler Heineman,Los Angeles Angels,LAA,C,.175,31,1,10,1,.223,.220,.443,177,200,30,5,79,623168,2026-09-27
Mitch Garver,Seattle Mariners,SEA,C,.175,22,4,15,1,.302,.294,.596,126,149,49,22,50,641598,2026-09-27
Christopher Morel,New York Mets,NYM,1B,.173,17,1,6,1,.229,.245,.474,98,105,35,6,36,666624,2026-09-27
Billy Cook,Pittsburgh Pirates,PIT,CF,.173,9,0,2,6,.204,.231,.435,52,54,21,1,86,695257,2026-09-27
Reese McGuire,Chicago White Sox,CWS,C,.172,5,0,3,0,.273,.172,.445,29,34,9,2,11,624512,2026-09-27
James Outman,Detroit Tigers,DET,CF,.172,27,5,17,6,.235,.318,.553,157,170,71,10,94,681546,2026-09-27
Henry Davis,Pittsburgh Pirates,PIT,C,.172,44,10,38,3,.272,.313,.585,256,298,63,28,97,680779,2026-09-27
TJ Friedl,Cincinnati Reds,CIN,CF,.172,41,4,13,5,.255,.255,.510,239,272,63,22,91,670770,2026-09-27
Junior Perez,Chicago White Sox,CWS,LF,.171,6,3,6,0,.194,.429,.623,35,36,14,1,22,678577,2026-09-27
Luke Maile,Kansas City Royals,KC,C,.171,7,1,5,0,.244,.293,.537,41,45,14,4,18,571912,2026-09-27
Gage Workman,San Diego Padres,SD,3B,.171,7,2,8,0,.171,.415,.586,41,41,17,0,18,669398,2026-09-27
Harrison Bader,San Francisco Giants,SF,CF,.170,18,5,14,0,.198,.358,.556,106,111,34,4,30,664056,2026-09-27
Sean Murphy,Atlanta Braves,ATL,C,.170,18,3,10,0,.248,.292,.540,106,117,36,11,32,669221,2026-09-27
John Peck,Detroit Tigers,DET,SS,.169,11,0,7,5,.286,.185,.471,65,77,16,9,23,807726,2026-09-27
José Barrero,Baltimore Orioles,BAL,2B,.167,1,0,0,0,.167,.167,.334,6,6,3,0,2,676480,2026-09-27
Jhostynxon Garcia,Pittsburgh Pirates,PIT,CF,.167,8,0,2,0,.200,.188,.388,48,50,16,1,20,691373,2026-09-27
LuJames Groover,Arizona Diamondbacks,ARI,1B,.167,8,1,4,0,.259,.271,.530,48,54,11,5,15,694410,2026-09-27
Michael Helman,Texas Rangers,TEX,CF,.167,5,1,2,0,.235,.300,.535,30,35,6,1,16,680737,2026-09-27
Jonathan India,Kansas City Royals,KC,2B,.167,8,2,8,0,.310,.313,.623,48,58,13,8,17,663697,2026-09-27
Collin Price,Houston Astros,HOU,C,.167,2,0,0,0,.231,.250,.481,12,13,6,1,7,805672,2026-09-27
Gabriel Rincones Jr.,Philadelphia Phillies,PHI,RF,.167,14,2,7,0,.202,.286,.488,84,89,29,2,29,687282,2026-09-27
Matt Wallner,Minnesota Twins,MIN,RF,.167,20,4,10,0,.259,.292,.551,120,135,53,10,34,670242,2026-09-27
Chadwick Tromp,Baltimore Orioles,BAL,C,.163,8,0,4,0,.160,.184,.344,49,51,13,0,21,644433,2026-09-27
Eric Haase,San Francisco Giants,SF,C,.162,12,4,9,0,.235,.365,.600,74,84,28,6,29,606992,2026-09-27
Carlos Narváez,Baltimore Orioles,BAL,C,.161,40,3,10,2,.241,.226,.467,248,285,90,19,95,665966,2026-09-27
Jake Rogers,Chicago White Sox,CWS,C,.161,23,4,14,1,.276,.287,.563,143,171,51,23,60,668670,2026-09-27
Sam Haggerty,Texas Rangers,TEX,LF,.159,7,0,1,2,.213,.182,.395,44,47,16,2,36,664059,2026-09-27
Stuart Fairchild,Seattle Mariners,SEA,X,.158,3,0,1,2,.407,.158,.565,19,27,14,7,15,656413,2026-09-27
Aramis Garcia,Arizona Diamondbacks,ARI,C,.158,3,1,2,0,.158,.316,.474,19,19,6,0,8,605244,2026-09-27
Felix Reyes,Philadelphia Phillies,PHI,LF,.158,6,1,2,0,.158,.263,.421,38,38,9,0,12,694025,2026-09-27
Ryan Ritter,Colorado Rockies,COL,2B,.158,3,0,1,0,.200,.158,.358,19,21,8,1,16,690022,2026-09-27
Travis d'Arnaud,Los Angeles Angels,LAA,C,.158,12,1,3,0,.238,.237,.475,76,84,24,6,32,518595,2026-09-27
Blake Perkins,Milwaukee Brewers,MIL,CF,.157,14,1,11,3,.250,.258,.508,89,101,22,10,55,663368,2026-09-27
Zach Cole,Houston Astros,HOU,LF,.157,8,3,8,0,.189,.353,.542,51,53,21,1,19,805904,2026-09-27
Bo Naylor,Milwaukee Brewers,MIL,C,.154,14,3,10,0,.214,.275,.489,91,98,24,7,31,666310,2026-09-27
Jared Serna,Miami Marlins,MIA,2B,.154,4,0,2,0,.207,.231,.438,26,29,8,2,16,691858,2026-09-27
Garrett Stubbs,Philadelphia Phillies,PHI,C,.153,9,0,3,0,.215,.153,.368,59,65,15,3,37,596117,2026-09-27
Ramón Urías,St. Louis Cardinals,STL,3B,.151,13,4,9,0,.260,.326,.586,86,100,18,9,43,602104,2026-09-27
Jase Bowen,San Diego Padres,SD,LF,.151,14,2,7,6,.194,.258,.452,93,99,39,3,82,687749,2026-09-27
Joey Meneses,Athletics,ATH,1B,.150,3,0,2,0,.280,.150,.430,20,25,4,3,9,608841,2026-09-27
Davis Schneider,Toronto Blue Jays,TOR,LF,.149,18,5,15,1,.311,.322,.633,121,152,50,28,68,676914,2026-09-27
Denzel Clarke,Athletics,ATH,CF,.149,11,0,6,4,.232,.162,.394,74,85,28,8,39,672016,2026-09-27
Jorge Polanco,New York Mets,NYM,DH,.148,20,2,6,0,.201,.230,.431,135,145,36,9,37,593871,2026-09-27
Leo Rivas,Seattle Mariners,SEA,3B,.148,18,0,11,2,.264,.189,.453,122,146,41,16,51,660844,2026-09-27
Rodolfo Durán,San Diego Padres,SD,C,.146,12,3,8,0,.222,.305,.527,82,91,24,7,39,660710,2026-09-27
Austin Wynns,Texas Rangers,TEX,C,.146,12,1,1,0,.195,.183,.378,82,89,24,5,34,642851,2026-09-27
Nate Eaton,Boston Red Sox,BOS,CF,.146,7,1,6,2,.293,.250,.543,48,58,15,8,23,681987,2026-09-27
Grant McCray,San Francisco Giants,SF,LF,.145,11,2,4,8,.253,.276,.529,76,90,27,11,42,687529,2026-09-27
Steward Berroa,Philadelphia Phillies,PHI,CF,.143,1,0,1,0,.143,.143,.286,7,7,4,0,6,672642,2026-09-27
Rece Hinds,Baltimore Orioles,BAL,RF,.143,9,0,6,0,.211,.222,.433,63,71,32,5,25,677956,2026-09-27
Daniel Johnson,Houston Astros,HOU,CF,.143,2,0,0,0,.294,.143,.437,14,17,3,2,8,669288,2026-09-27
Matthew Lugo,Kansas City Royals,KC,LF,.143,2,0,0,0,.200,.143,.343,14,15,6,1,9,683090,2026-09-27
Jared Oliva,San Francisco Giants,SF,CF,.143,1,0,0,1,.143,.143,.286,7,7,1,0,7,666931,2026-09-27
Nick Solak,San Diego Padres,SD,DH,.143,1,0,1,0,.300,.143,.443,7,10,0,1,4,669256,2026-09-27
Drew Romo,Chicago White Sox,CWS,C,.141,25,7,16,1,.239,.288,.527,177,203,47,20,60,691011,2026-09-27
Ke'Bryan Hayes,Cincinnati Reds,CIN,3B,.141,32,5,9,1,.194,.225,.419,227,242,48,13,94,663647,2026-09-27
Rob Refsnyder,Seattle Mariners,SEA,DH,.140,16,4,11,0,.211,.254,.465,114,129,37,8,53,608701,2026-09-27
Brian Navarreto,Miami Marlins,MIA,C,.140,7,1,3,0,.200,.260,.460,50,58,20,2,31,640459,2026-09-27
Zack Short,New York Mets,NYM,2B,.140,7,0,2,0,.262,.180,.442,50,62,19,8,29,670097,2026-09-27
Brett Harris,San Francisco Giants,SF,1B,.140,6,0,2,0,.245,.186,.431,43,50,16,3,20,695391,2026-09-27
Hayden Senger,New York Mets,NYM,C,.133,2,1,2,0,.133,.333,.466,15,17,4,0,7,663584,2026-09-27
Deyvison De Los Santos,Miami Marlins,MIA,1B,.132,5,0,0,0,.154,.184,.338,38,39,10,0,17,691277,2026-09-27
Ryan Bliss,Seattle Mariners,SEA,2B,.125,1,0,1,0,.200,.125,.325,8,10,3,1,3,669208,2026-09-27
Nate Furman,San Francisco Giants,SF,2B,.125,4,0,3,0,.243,.125,.368,32,39,10,5,22,801501,2026-09-27
Cristian Pache,New York Mets,NYM,LF,.125,1,0,0,0,.125,.125,.250,8,8,4,0,15,665506,2026-09-27
James Triantos,Chicago Cubs,CHC,2B,.125,1,0,0,0,.222,.125,.347,8,9,2,1,7,701649,2026-09-27
Sam Huff,Baltimore Orioles,BAL,C,.121,4,0,1,0,.147,.182,.329,33,34,19,1,14,669087,2026-09-27
Ha-Seong Kim,Atlanta Braves,ATL,SS,.118,15,0,9,2,.211,.142,.353,127,143,37,14,50,673490,2026-09-27
Buddy Kennedy,San Francisco Giants,SF,3B,.116,5,0,1,0,.224,.140,.364,43,49,15,5,25,671083,2026-09-27
Tommy Pham,Chicago White Sox,CWS,DH,.115,3,1,3,0,.258,.231,.489,26,31,11,5,16,502054,2026-09-27
Michael Toglia,Cincinnati Reds,CIN,1B,.115,3,0,1,0,.179,.192,.371,26,28,12,2,10,669911,2026-09-27
Jeimer Candelario,Los Angeles Angels,LAA,X,.111,2,0,0,0,.200,.222,.422,18,20,8,1,7,600869,2026-09-27
Carson Williams,Tampa Bay Rays,TB,SS,.108,4,1,6,0,.154,.216,.370,37,40,13,2,16,700246,2026-09-27
Patrick Wisdom,Seattle Mariners,SEA,3B,.106,5,1,4,0,.160,.191,.351,47,50,21,3,19,621550,2026-09-27
Oswaldo Cabrera,Cincinnati Reds,CIN,3B,.100,2,0,0,1,.100,.150,.250,20,22,9,0,6,665828,2026-09-27
Rafael Marchán,Philadelphia Phillies,PHI,C,.099,9,2,6,0,.137,.165,.302,91,95,15,2,34,665561,2026-09-27
Cooper Ingle,Cleveland Guardians,CLE,LF,.095,2,0,2,0,.208,.095,.303,21,24,12,3,7,694876,2026-09-27
Vidal Bruján,New York Mets,NYM,SS,.091,1,0,1,0,.167,.091,.258,11,13,1,1,9,660644,2026-09-27
Oliver Dunn,Tampa Bay Rays,TB,X,.091,1,0,1,0,.167,.091,.258,11,12,3,1,9,686554,2026-09-27
Sandy León,Atlanta Braves,ATL,C,.091,4,0,0,0,.091,.091,.182,44,44,18,0,21,506702,2026-09-27
BJ Murray Jr.,Chicago Cubs,CHC,1B,.091,1,0,0,0,.091,.091,.182,11,11,4,0,7,681230,2026-09-27
Will Brennan,San Francisco Giants,SF,LF,.087,2,0,0,0,.087,.087,.174,23,23,3,0,11,686823,2026-09-27
Andy Ibáñez,New York Mets,NYM,LF,.087,2,0,5,0,.115,.087,.202,23,26,3,1,14,628451,2026-09-27
Greg Jones,Milwaukee Brewers,MIL,LF,.087,2,0,1,1,.087,.087,.174,23,24,10,0,12,675659,2026-09-27
Chuckie Robinson,Los Angeles Dodgers,LAD,C,.087,2,0,1,0,.087,.087,.174,23,26,5,0,8,642020,2026-09-27
Carlos Santana,Arizona Diamondbacks,ARI,1B,.083,2,0,0,0,.154,.125,.279,24,26,8,2,8,467793,2026-09-27
Otto Kemp,Philadelphia Phillies,PHI,LF,.080,2,0,0,0,.148,.080,.228,25,27,10,1,13,805249,2026-09-27
Andrew Velazquez,Kansas City Royals,KC,SS,.067,1,0,0,1,.067,.067,.134,15,15,2,0,6,623205,2026-09-27
Ivan Johnson,Cincinnati Reds,CIN,2B,.063,1,0,0,2,.211,.063,.274,16,19,7,3,16,671155,2026-09-27
César Prieto,St. Louis Cardinals,STL,3B,.059,2,0,0,1,.086,.059,.145,34,35,4,1,15,693409,2026-09-27
César Salazar,Houston Astros,HOU,C,.056,1,0,1,0,.227,.056,.283,18,22,3,3,9,663967,2026-09-27
Addison Barger,Toronto Blue Jays,TOR,RF,.045,1,0,2,0,.214,.091,.305,22,28,7,5,9,680718,2026-09-27
Chad Stevens,Colorado Rockies,COL,2B,.036,1,0,3,0,.176,.036,.212,28,34,13,5,16,677060,2026-09-27
Aaron Ashby,Milwaukee Brewers,MIL,P,.000,0,0,0,0,.000,.000,.000,0,0,0,0,75,676879,2026-09-27
Javier Assad,Chicago Cubs,CHC,P,.000,0,0,0,0,.000,.000,.000,0,0,0,0,28,665871,2026-09-27
Bryan Baker,Tampa Bay Rays,TB,P,.000,0,0,0,0,.000,.000,.000,0,0,0,0,65,641329,2026-09-27
David Bednar,New York Yankees,NYY,P,.000,0,0,0,0,.000,.000,.000,0,0,0,0,64,670280,2026-09-27
Clayton Beeter,Washington Nationals,WSH,P,.000,0,0,0,0,.000,.000,.000,0,0,0,0,50,690925,2026-09-27
Jake Bird,Washington Nationals,WSH,P,.000,0,0,0,0,.000,.000,.000,0,0,0,0,8,656234,2026-09-27
Paul Blackburn,New York Yankees,NYY,P,.000,0,0,0,0,.000,.000,.000,0,0,0,0,62,621112,2026-09-27
Kyle Bradish,Baltimore Orioles,BAL,P,.000,0,0,0,0,.000,.000,.000,0,0,0,0,29,680694,2026-09-27
Jack Brannigan,Pittsburgh Pirates,PIT,3B,.000,0,0,0,0,.000,.000,.000,1,1,1,0,2,687394,2026-09-27
Dylan Carlson,Chicago Cubs,CHC,LF,.000,0,0,0,0,.000,.000,.000,4,4,2,0,3,666185,2026-09-27
Blas Castaño,Colorado Rockies,COL,P,.000,0,0,0,0,.000,.000,.000,0,0,0,0,15,680604,2026-09-27
Aroldis Chapman,Boston Red Sox,BOS,P,.000,0,0,0,0,.000,.000,.000,0,0,0,0,53,547973,2026-09-27
Aaron Civale,Chicago Cubs,CHC,P,.000,0,0,0,0,.000,.000,.000,0,0,0,0,18,650644,2026-09-27
Taylor Clarke,Arizona Diamondbacks,ARI,P,.000,0,0,0,0,.000,.000,.000,0,0,0,0,71,664199,2026-09-27
Fernando Cruz,New York Yankees,NYY,P,.000,0,0,0,0,.000,.000,.000,0,0,0,0,61,518585,2026-09-27
Trei Cruz,Detroit Tigers,DET,LF,.000,0,0,0,0,.000,.000,.000,5,5,3,0,2,669360,2026-09-27
Jack Dreyer,Los Angeles Dodgers,LAD,P,.000,0,0,0,0,.000,.000,.000,0,0,0,0,66,676263,2026-09-27
Jhoan Duran,Philadelphia Phillies,PHI,P,.000,0,0,0,0,.000,.000,.000,0,0,0,0,60,661395,2026-09-27
Brandon Eisert,Chicago White Sox,CWS,P,.000,0,0,0,0,.000,.000,.000,0,0,0,0,25,685126,2026-09-27
Lucas Erceg,Kansas City Royals,KC,P,.000,0,0,0,0,.000,.000,.000,0,0,0,0,51,668674,2026-09-27
Carlos Estévez,Kansas City Royals,KC,P,.000,0,0,0,0,.000,.000,.000,0,0,0,0,1,608032,2026-09-27
Pete Fairbanks,Miami Marlins,MIA,P,.000,0,0,0,0,.000,.000,.000,0,0,0,0,46,664126,2026-09-27
Kyler Fedko,Minnesota Twins,MIN,CF,.000,0,0,1,0,.105,.000,.105,16,19,8,2,14,693459,2026-09-27
Nick Frasso,Colorado Rockies,COL,P,.000,0,0,0,0,.000,.000,.000,0,0,0,0,19,693308,2026-09-27
Kyle Freeland,Colorado Rockies,COL,P,.000,0,0,0,0,.000,.000,.000,0,0,0,0,26,607536,2026-09-27
Didier Fuentes,Atlanta Braves,ATL,P,.000,0,0,0,0,.000,.000,.000,0,0,0,0,58,800311,2026-09-27
Brandyn Garcia,Arizona Diamondbacks,ARI,P,.000,0,0,0,0,.000,.000,.000,0,0,0,0,56,805299,2026-09-27
Rico Garcia,Baltimore Orioles,BAL,P,.000,0,0,0,0,.000,.000,.000,0,0,0,0,75,670329,2026-09-27
Cade Gibson,Miami Marlins,MIA,P,.000,0,0,0,0,.000,.000,.000,0,0,0,0,47,806188,2026-09-27
J.T. Ginn,Athletics,ATH,P,.000,0,0,0,0,.000,.000,.000,0,0,0,0,27,669372,2026-09-27
Josh Hader,Houston Astros,HOU,P,.000,0,0,0,0,.000,.000,.000,0,0,0,0,45,623352,2026-09-27
DL Hall,Milwaukee Brewers,MIL,P,.000,0,0,0,0,.000,.000,.000,0,0,0,0,46,669084,2026-09-27
Maverick Handley,Baltimore Orioles,BAL,X,.000,0,0,0,0,.000,.000,.000,1,1,1,0,1,668974,2026-09-27
Edgardo Henriquez,Los Angeles Dodgers,LAD,P,.000,0,0,0,0,.000,.000,.000,0,0,0,0,61,683618,2026-09-27
Sam Hentges,San Francisco Giants,SF,P,.000,0,0,0,0,.000,.000,.000,0,0,0,0,44,656529,2026-09-27
Jimmy Herget,Colorado Rockies,COL,P,.000,0,0,0,0,.000,.000,.000,0,0,0,0,51,623474,2026-09-27
Jaden Hill,Colorado Rockies,COL,P,.000,0,0,0,0,.000,.000,.000,0,0,0,0,45,677955,2026-09-27
Blake Hunt,San Diego Padres,SD,C,.000,0,0,0,0,.000,.000,.000,3,3,3,0,2,675448,2026-09-27
Brant Hurter,Detroit Tigers,DET,P,.000,0,0,0,0,.000,.000,.000,0,0,0,0,29,676428,2026-09-27
Raisel Iglesias,Atlanta Braves,ATL,P,.000,0,0,0,0,.000,.000,.000,0,0,0,0,59,628452,2026-09-27
Kenley Jansen,Detroit Tigers,DET,P,.000,0,0,0,0,.000,.000,.000,0,0,0,0,50,445276,2026-09-27
Merrill Kelly,Arizona Diamondbacks,ARI,P,.000,0,0,0,0,.000,.000,.000,0,0,0,0,29,518876,2026-09-27
William Kempner,Miami Marlins,MIA,P,.000,0,0,0,0,.000,.000,.000,0,0,0,0,9,687531,2026-09-27
Zak Kent,Washington Nationals,WSH,P,.000,0,0,0,0,.000,.000,.000,0,0,0,0,9,687849,2026-09-27
Orion Kerkering,Philadelphia Phillies,PHI,P,.000,0,0,0,0,.000,.000,.000,0,0,0,0,63,689147,2026-09-27
Tyler Kinley,Atlanta Braves,ATL,P,.000,0,0,0,0,.000,.000,.000,0,0,0,0,49,641755,2026-09-27
Alex Lange,Kansas City Royals,KC,P,.000,0,0,0,0,.000,.000,.000,0,0,0,0,59,656638,2026-09-27
Jacob Latz,Texas Rangers,TEX,P,.000,0,0,0,0,.000,.000,.000,0,0,0,0,58,656641,2026-09-27
Brad Lord,Washington Nationals,WSH,P,.000,0,0,0,0,.000,.000,.000,0,0,0,0,40,695418,2026-09-27
Jonathan Loáisiga,Arizona Diamondbacks,ARI,P,.000,0,0,0,0,.000,.000,.000,0,0,0,0,67,642528,2026-09-27
Reynaldo López,Atlanta Braves,ATL,P,.000,0,0,0,0,.000,.000,.000,0,0,0,0,26,625643,2026-09-27
Rudy Martin Jr.,Toronto Blue Jays,TOR,LF,.000,0,0,0,0,.333,.000,.333,2,3,1,1,2,657675,2026-09-27
Trevor Megill,Milwaukee Brewers,MIL,P,.000,0,0,0,0,.000,.000,.000,0,0,0,0,63,656730,2026-09-27
Miles Mikolas,Washington Nationals,WSH,P,.000,0,0,1,0,.000,.000,.000,0,1,0,0,26,571945,2026-09-27
Owen Miller,Chicago Cubs,CHC,2B,.000,0,0,0,0,.000,.000,.000,0,0,0,0,1,680911,2026-09-27
Jordan Montgomery,Texas Rangers,TEX,P,.000,0,0,0,0,.000,.000,.000,0,0,0,0,12,656756,2026-09-27
Dylan Moore,Philadelphia Phillies,PHI,X,.000,0,0,0,1,.200,.000,.200,12,15,6,3,15,664238,2026-09-27
Owen Murphy,Atlanta Braves,ATL,P,.000,0,0,0,0,.000,.000,.000,0,0,0,0,5,702566,2026-09-27
Riley O'Brien,St. Louis Cardinals,STL,P,.000,0,0,0,0,.000,.000,.000,0,0,0,0,66,676617,2026-09-27
Daniel Palencia,Chicago Cubs,CHC,P,.000,0,0,0,0,.000,.000,.000,0,0,0,0,32,694037,2026-09-27
Kyren Paris,Los Angeles Angels,LAA,LF,.000,0,0,0,0,.167,.000,.167,15,18,8,3,8,677347,2026-09-27
Chad Patrick,Milwaukee Brewers,MIL,P,.000,0,0,0,0,.000,.000,.000,0,0,0,0,56,694477,2026-09-27
Nate Pearson,Kansas City Royals,KC,P,.000,0,0,0,0,.000,.000,.000,0,0,0,0,25,663878,2026-09-27
Wandy Peralta,San Diego Padres,SD,P,.000,0,0,0,0,.000,.000,.000,0,0,0,0,65,593974,2026-09-27
Jack Perkins,Athletics,ATH,P,.000,0,0,0,0,.000,.000,.000,0,0,0,0,37,678022,2026-09-27
Jeferson Quero,Milwaukee Brewers,MIL,C,.000,0,0,0,0,.500,.000,.500,1,2,0,1,1,691620,2026-09-27
Orlando Ribalta,Washington Nationals,WSH,P,.000,0,0,0,0,.000,.000,.000,0,0,0,0,45,687377,2026-09-27
Trevor Richards,Chicago White Sox,CWS,P,.000,0,0,0,0,.000,.000,.000,0,0,0,0,51,670950,2026-09-27
JR Ritchie,Atlanta Braves,ATL,P,.000,0,0,0,0,.000,.000,.000,0,0,0,0,16,702275,2026-09-27
Ryan Rolison,Chicago Cubs,CHC,P,.000,0,0,0,0,.000,.000,.000,0,0,0,0,60,669020,2026-09-27
Aaron Sabato,Minnesota Twins,MIN,1B,.000,0,0,0,0,.000,.000,.000,6,6,3,0,3,693306,2026-09-27
Erik Sabrowski,Cleveland Guardians,CLE,P,.000,0,0,0,0,.000,.000,.000,0,0,0,0,60,681870,2026-09-27
Paxton Schultz,Washington Nationals,WSH,P,.000,0,0,0,0,.000,.000,.000,0,0,0,0,27,687606,2026-09-27
Connor Seabold,Kansas City Royals,KC,P,.000,0,0,0,0,.000,.000,.000,0,0,0,0,5,657756,2026-09-27
Kodai Senga,New York Mets,NYM,P,.000,0,0,0,0,.000,.000,.000,0,0,0,0,31,673540,2026-09-27
Antonio Senzatela,Colorado Rockies,COL,P,.000,0,0,0,0,.000,.000,.000,0,0,0,0,34,622608,2026-09-27
Chase Shugart,Philadelphia Phillies,PHI,P,.000,0,0,0,0,.000,.000,.000,0,0,0,0,46,663767,2026-09-27
Michael Siani,Baltimore Orioles,BAL,CF,.000,0,0,0,0,.000,.000,.000,1,1,0,0,1,672279,2026-09-27
Cade Smith,Cleveland Guardians,CLE,P,.000,0,0,0,0,.000,.000,.000,0,0,0,0,69,671922,2026-09-27
Dylan Smith,San Francisco Giants,SF,P,.000,0,0,0,0,.000,.000,.000,0,0,0,0,41,681916,2026-09-27
George Soriano,St. Louis Cardinals,STL,P,.000,0,0,0,0,.000,.000,.000,0,0,0,0,70,666277,2026-09-27
Gabe Speier,Seattle Mariners,SEA,P,.000,0,0,0,0,.000,.000,.000,0,0,0,0,54,642100,2026-09-27
Ryne Stanek,St. Louis Cardinals,STL,P,.000,0,0,0,0,.000,.000,.000,0,0,0,0,70,592773,2026-09-27
Robert Suarez,Atlanta Braves,ATL,P,.000,0,0,0,0,.000,.000,.000,0,0,0,0,33,663158,2026-09-27
Caleb Thielbar,Chicago Cubs,CHC,P,.000,0,0,0,0,.000,.000,.000,0,0,0,0,58,573204,2026-09-27
Trent Thornton,Chicago Cubs,CHC,P,.000,0,0,0,0,.000,.000,.000,0,0,0,0,48,663423,2026-09-27
Abner Uribe,Milwaukee Brewers,MIL,P,.000,0,0,0,0,.000,.000,.000,0,0,0,0,61,682842,2026-09-27
Ricky Vanasco,Detroit Tigers,DET,P,.000,0,0,0,0,.000,.000,.000,0,0,0,0,5,676568,2026-09-27
Gus Varland,Washington Nationals,WSH,P,.000,0,0,0,0,.000,.000,.000,0,0,0,0,34,681402,2026-09-27
Alex Vesia,Los Angeles Dodgers,LAD,P,.000,0,0,0,0,.000,.000,.000,0,0,0,0,71,681911,2026-09-27
Will Vest,Detroit Tigers,DET,P,.000,0,0,0,0,.000,.000,.000,0,0,0,0,27,676684,2026-09-27
Victor Vodnik,Colorado Rockies,COL,P,.000,0,0,0,0,.000,.000,.000,0,0,0,0,33,680767,2026-09-27
Randy Vásquez,San Diego Padres,SD,P,.000,0,0,0,0,.000,.000,.000,1,1,0,0,31,681190,2026-09-27
Luis Vázquez,Baltimore Orioles,BAL,3B,.000,0,0,0,0,.000,.000,.000,0,0,0,0,1,676679,2026-09-27
Jacob Waguespack,Detroit Tigers,DET,P,.000,0,0,0,0,.000,.000,.000,0,0,0,0,35,621097,2026-09-27
Austin Warren,New York Mets,NYM,P,.000,0,0,0,0,.000,.000,.000,0,0,0,0,40,681810,2026-09-27
Luke Weaver,New York Mets,NYM,P,.000,0,0,0,0,.000,.000,.000,0,0,0,0,42,596133,2026-09-27
Jacob Webb,Chicago Cubs,CHC,P,.000,0,0,0,0,.000,.000,.000,0,0,0,0,67,657097,2026-09-27
Davis Wendzel,Pittsburgh Pirates,PIT,1B,.000,0,0,0,0,.000,.000,.000,4,4,0,0,2,673995,2026-09-27
Garrett Whitlock,Boston Red Sox,BOS,P,.000,0,0,0,0,.000,.000,.000,0,0,0,0,54,676477,2026-09-27
Jordan Wicks,Chicago Cubs,CHC,P,.000,0,0,0,0,.000,.000,.000,0,0,0,0,4,696136,2026-09-27
Devin Williams,New York Mets,NYM,P,.000,0,0,0,0,.000,.000,.000,0,0,0,0,44,642207,2026-09-27
Luke Williams,Atlanta Braves,ATL,2B,.000,0,0,0,0,1.000,.000,1.000,0,1,0,1,2,663897,2026-09-27
Keaton Winn,San Francisco Giants,SF,P,.000,0,0,0,0,.000,.000,.000,0,0,0,0,44,676775,2026-09-27
